"Company Name,Company Website,Sector Classification,HQ Location,Where will roles be located? (post COVID-19),Link to Job Postings,Open to Part-time or Internships?,Engineering,Design,Operations,Sales and Marketing,""Other (PM, Data Science, Legal, etc)"",Software Engineer,Frontend Engineer,Backend Engineer,Full Stack Engineer,Mobile Developer,QA Engineer,DevOps,Software Architect,Hardware Engineer,Mechanical Engineer,Systems Engineer,UI/UX Designer,User Researcher,Visual Designer,Creative Director,Finance/ Accounting,Human Resources,Office Manager,Talent/Recruiting,Customer Service,Operations Manager,Executive Assistant,Business Development Representative,Sales Development Representative,Account Executive,Business Development Manager,Account Manager,Sales Manager,Marketer,Marketing Manager,Growth,Customer Success,Business Analyst,Data Scientist,Product Manager,Project Manager,Attorney,stage,team_size,min_roles_open,max_roles_open";;
"TrueAccord,www.trueaccord.com,Enterprise Technology,US/California,""Remote (post COVID-19), At HQ (as listed above), Kansas, Missouri"",https://www.trueaccord.com/about-us/careers/,-1,1,1,1,0,1,1,1,1,0,0,0,0,0,0,0,0,1,0,0,0,0,1,0,0,0,0,0,0,0,0,0,0,0,0,0,0,0,0,0,1,0,0,B,-1,11,20";;
PlayVS,https://www.playvs.com/,Consumer Technology,US/California,At HQ (as listed above),https://www.playvs.com/careers,-1,1,0,1,1,0,0,0,0,0,0,0,0,0,0,0,0,0,0,0,0,0,0,0,0,0,0,0,0,0,0,0,0,0,0,0,0,0,0,0,0,0,0,C,50 ,1,5;;
Juvo,https://www.juvo.com/,Enterprise Technology,US/California,At HQ (as listed above),https://www.juvo.com/careers,-1,0,0,0,0,1,0,0,0,0,0,0,0,0,0,0,0,0,0,0,0,0,0,0,0,0,0,0,0,0,0,0,0,0,0,0,0,0,0,0,0,0,0,C,100 ,1,5;;
Hackerone,https://www.hackerone.com/,Enterprise Technology,US/California,At HQ (as listed above),https://www.hackerone.com/careers,-1,0,0,0,1,0,0,0,0,0,0,0,0,0,0,0,0,0,0,0,0,0,0,0,0,0,0,0,0,0,0,0,0,0,0,0,0,0,0,0,0,0,0,D,500 ,1,5;;
Masterclass,https://www.masterclass.com/,Consumer Technology,US/California,At HQ (as listed above),https://careers.masterclass.com/index.html,-1,0,0,0,0,1,0,0,0,0,0,0,0,0,0,0,0,0,0,0,0,0,0,0,0,0,0,0,0,0,0,0,0,0,0,0,0,0,0,0,1,0,0,E+,100 ,1,5;;
The Yes,https://theyes.com/,Consumer Technology,US/New York,At HQ (as listed above),https://jobs.lever.co/the-yes/,-1,0,0,0,0,1,0,0,0,0,0,0,0,0,0,0,0,0,0,0,0,0,0,0,0,0,0,0,0,0,0,0,0,0,0,0,0,0,0,0,1,0,0,B,50 ,1,5;;
Sisu Data,https://sisu.ai/,Enterprise Technology,US/California,At HQ (as listed above),https://jobs.lever.co/sisu/,-1,1,1,0,0,1,0,1,1,1,0,0,0,0,0,0,0,1,0,1,0,0,0,0,0,0,0,0,0,0,0,0,0,0,0,0,0,0,0,0,1,0,0,B,50 ,1,5;;
Philo,https://try.philo.com/,Consumer Technology,US/California,-1,https://boards.greenhouse.io/philo/,-1,1,1,0,1,0,0,0,1,0,1,1,0,0,0,0,0,0,0,1,0,0,0,0,0,0,0,0,0,0,0,0,0,0,0,0,1,0,0,0,0,0,0,C,50 ,1,5;;
Smartcar,www.smartcar.com,Enterprise Technology,US/California,At HQ (as listed above),www.smartcar.com/careers,-1,1,0,0,1,0,0,1,0,0,0,0,0,0,0,0,0,0,0,0,0,0,0,0,0,0,0,0,0,0,1,0,0,0,0,0,0,0,0,0,0,0,0,A,50 ,1,5;;
Expanse,https://www.expanse.co/,Enterprise Technology,US/California,-1,https://www.expanse.co/careers/,-1,1,0,0,0,1,1,1,1,1,0,0,1,0,0,0,0,0,0,0,0,0,0,0,0,0,0,0,0,0,0,0,0,0,0,0,0,0,0,0,1,0,0,C,500 ,1,5;;
ForAllSecure,https://www.forallsecure.com/,Enterprise Technology,US/California,-1,https://www.forallsecure.com/careers/,-1,1,0,0,0,0,1,0,0,0,0,0,0,0,0,0,0,0,0,0,0,0,0,0,0,0,0,0,0,0,0,0,0,0,0,0,0,0,0,0,0,0,0,A,10 ,1,5;;
"Pipe.com,https://pipe.com,Enterprise Technology,US/California,""Remote (post COVID-19), At HQ (as listed above), LA/SF/Remote"",-1,-1,1,0,1,1,1,1,0,0,1,0,0,0,0,0,0,0,0,0,0,0,0,0,0,0,0,0,1,0,0,1,1,0,0,0,0,0,1,0,1,0,0,0,A,10 ,11,20";;
"Truework,www.truework.com,Enterprise Technology,US/California,""At HQ (as listed above), SLC"",https://www.truework.com/careers/,-1,0,0,0,0,0,0,0,0,0,0,0,0,0,0,0,0,0,0,0,0,0,0,0,0,0,0,0,0,0,0,0,0,0,0,0,0,0,0,0,0,0,0,A,50 ,6,10";;
"Bond,https://www.bond.tech/,Enterprise Technology,US/California,""At HQ (as listed above), Salt Lake City"",https://www.bond.tech/#career,-1,1,1,1,1,1,1,1,1,1,0,1,1,1,0,0,0,1,0,1,0,1,0,0,1,0,0,0,1,0,0,0,0,0,1,1,1,1,0,0,1,0,1,A,50 ,-1,20";;
"Earnest,https://www.earnest.com/,Consumer Technology,US/California,""Remote (post COVID-19), At HQ (as listed above), SLC as well"",https://www.earnest.com/careers,-1,0,0,0,0,0,0,0,0,0,0,0,0,0,0,0,0,0,0,0,0,0,0,0,0,0,0,0,0,0,0,0,0,0,0,0,0,0,0,0,0,0,0,-1,500 ,-1,20";;
Universe,https://onuniverse.com/,Consumer Technology,Fully Remote (not only during COVID-19),Remote (post COVID-19),-1,-1,1,1,1,1,1,1,0,0,0,1,0,0,0,0,0,0,1,0,0,1,0,0,0,0,1,1,0,0,0,0,0,0,0,0,1,1,0,0,0,1,0,0,A,-1,6,10;;
walrus.ai,https://walrus.ai,Enterprise Technology,US/California,Role is on-site OR full-time remote.,https://walrus.ai/jobs,-1,1,0,0,0,0,0,0,0,1,0,0,0,0,0,0,0,0,0,0,0,0,0,0,0,0,0,0,0,0,0,0,0,0,0,0,0,0,0,0,0,0,0,Seed,10 ,1,5;;
Wantedly Singapore,Sg.wantedly.com,Enterprise Technology,Singapore,At HQ (as listed above),https://sg.wantedly.com/projects/427944,-1,0,0,1,1,0,0,0,0,0,0,0,0,0,0,0,0,0,0,0,0,0,0,0,0,1,0,0,0,0,0,0,1,0,0,0,0,0,0,0,0,0,0,Seed,10 ,1,5;;
"Grifin,www.grifin.com,Consumer Technology,US/Florida,""Remote (post COVID-19), At HQ (as listed above)"",""N/A, email bo@grifin.com with resume and a few paragraphs about what you're passionate about."",-1,1,1,0,1,0,0,1,0,1,0,0,0,0,0,0,0,1,0,0,0,0,0,0,0,0,0,0,0,0,0,0,0,0,0,0,0,0,0,0,0,0,0,Seed,10 ,1,5";;
Tatch,www.tatch.com,Healthcare,US/New York,At HQ (as listed above),-1,-1,1,0,0,1,1,0,1,1,0,1,1,0,0,1,0,0,0,0,0,0,0,0,0,0,0,0,0,0,0,0,1,0,0,0,1,0,0,0,0,1,0,0,Seed,10 ,6,10;;
Visionairy Health,Visionairyhealth.com,Healthcare,US/Massachusetts,At HQ (as listed above),Visionairyhealth.com/careers,-1,1,0,0,1,0,1,0,1,1,0,1,1,0,0,0,0,0,0,0,0,0,0,0,0,0,0,0,1,0,0,1,0,1,0,0,0,0,0,0,0,0,0,Seed,10 ,1,5;;
Codecademy,codecademy.com,Consumer Technology,US/New York,At HQ (as listed above),https://www.codecademy.com/about/careers,-1,1,1,1,1,1,1,1,1,1,0,0,1,0,0,0,0,1,0,1,0,1,0,0,0,1,0,0,1,1,0,0,0,0,1,1,1,1,1,1,1,0,0,-1,100 ,11,20;;
Slope.io, Inc.,www.slope.io,Healthcare,Fully Remote (not only during COVID-19),Remote (post COVID-19),-1,-1,1,0,1,1,0,1,0,0,0,0,0,0,0,0,0,0,0,0,0,0,0,0,0,0,1,1,0,0,0,0,0,0,0,0,0,0,1,0,0,0,0,0,Seed,10 ,1,5;;
"Hugging Face,huggingface.co,Enterprise Technology,US/New York,""At HQ (as listed above), At HQ in Paris, France"",https://angel.co/company/hugging-face/jobs,-1,1,0,1,1,0,1,0,0,0,0,0,0,0,0,0,0,0,0,0,0,0,0,0,0,1,0,0,0,0,0,0,0,1,0,1,0,0,0,0,0,0,0,A,50 ,-1,20";;
"Productiv,www.productiv.com,Enterprise Technology,US/California,""Remote (post COVID-19), At HQ (as listed above)"",https://boards.greenhouse.io/productiv?t=d54a7dd83,-1,0,0,0,0,0,0,0,0,0,0,0,0,0,0,0,0,0,0,0,0,0,0,0,0,0,0,0,0,0,0,0,0,0,0,0,0,0,0,0,0,0,0,B,50 ,11,20";;
"Shakepay,https://shakepay.co,Consumer Technology,Canada,""At HQ (as listed above), Montreal, Canada"",https://angel.co/company/shakepay/jobs,-1,1,1,1,1,0,1,1,1,1,1,0,1,0,0,0,0,1,0,0,0,1,0,0,0,1,1,0,0,0,0,0,0,0,0,0,1,0,0,0,0,0,0,Seed,10 ,6,10";;
"Triplebyte,www.triplebyte.com,Enterprise Technology,Fully Remote (not only during COVID-19),""Remote (post COVID-19), At HQ (as listed above)"",https://triplebyte.com/company/public/triplebyte?ref=jb_covid19,-1,1,0,0,0,1,1,1,1,1,1,1,1,0,0,0,0,0,0,0,0,0,0,0,0,0,0,0,0,0,0,0,0,0,0,0,0,0,0,1,0,0,0,B,100 ,1,5";;
Koan,koan.co,Consumer Technology,US/Oregon,At HQ (as listed above),https://angel.co/company/koan,-1,0,0,0,1,0,0,0,0,0,0,0,0,0,0,0,0,0,0,0,0,0,0,0,0,0,0,0,1,0,0,0,0,0,0,0,0,1,0,0,0,0,0,Seed,50 ,1,5;;
"Zumper,www.zumper.com,Consumer Technology,US/California,""Remote (post COVID-19), At HQ (as listed above)"",https://www.zumper.com/jobs,-1,0,1,0,1,1,0,0,0,0,0,0,0,0,0,0,0,0,0,0,0,0,0,0,0,0,0,0,0,1,1,0,1,0,1,0,1,1,0,0,1,0,0,D,500 ,11,20";;
"Plum,plumhq.com,Healthcare,India,""Remote (post COVID-19), At HQ (as listed above)"",https://angel.co/company/plumhq/jobs,-1,1,1,0,0,1,0,0,1,1,1,0,0,0,0,0,0,0,1,0,0,0,0,0,0,0,0,0,0,0,0,0,0,0,0,0,0,0,0,1,0,0,0,Seed,10 ,1,5";;
Qualio,qualio.com,Enterprise Technology,US/California,At HQ (as listed above),https://apply.workable.com/qualio/j/E5D3F48404/,-1,0,0,0,1,0,0,0,0,0,0,0,0,0,0,0,0,0,0,0,0,0,0,0,0,0,0,0,1,1,0,0,0,0,0,0,0,0,0,0,0,0,0,Seed,10 ,1,5;;
"Revel,www.hellorevel.com,Consumer Technology,US/California,""Remote (post COVID-19), At HQ (as listed above)"",https://www.notion.so/hellorevel/Careers-at-Revel-a97358b770944985ae74b4830cd3f6eb,-1,1,0,0,0,0,1,0,0,1,0,0,0,0,0,0,0,0,0,0,0,0,0,0,0,0,0,0,0,0,0,0,0,0,0,0,0,0,0,0,0,0,0,Seed,10 ,1,5";;
Viaduct, Inc.,www.viaduct.ai,Enterprise Technology,US/California,At HQ (as listed above),https://www.viaduct.ai/careers,-1,1,0,0,1,1,1,1,1,1,0,0,0,1,0,0,1,0,0,0,0,0,0,0,0,0,0,0,0,0,0,0,0,0,0,0,0,0,0,1,0,0,0,A,50 ,6,10;;
Point Digital Finance, Inc.,point.com,Consumer Technology,US/California,At HQ (as listed above),https://point.com/careers,-1,1,1,1,0,1,1,1,0,1,0,0,0,0,0,0,0,1,0,0,0,0,1,0,0,0,0,0,0,0,0,0,0,0,0,0,0,0,0,1,1,0,0,B,100 ,1,5;;
"Scope AR,http://scopear.com,Enterprise Technology,US/California,""Remote (post COVID-19), At HQ (as listed above)"",https://www.scopear.com/jobs/,-1,1,0,0,0,0,1,1,1,1,1,1,0,1,0,0,0,0,0,0,0,0,0,0,0,0,0,0,0,0,0,0,0,0,0,0,0,0,0,0,0,0,0,A,50 ,1,5";;
"NetSpyGlass,https://www.netspyglass.com,Enterprise Technology,US/California,""Remote (post COVID-19), At HQ (as listed above)"",-1,-1,1,0,0,1,1,1,0,1,0,0,0,0,0,0,0,0,0,0,0,0,0,0,0,0,0,0,0,0,1,0,0,0,0,0,0,0,0,0,1,1,0,0,Seed,10 ,1,5";;
Pinterest,careers.pinterest.com,Consumer Technology,US/California,At HQ (as listed above),Multiple roles/geos,-1,0,0,0,0,0,0,0,0,0,0,0,0,0,0,0,0,0,0,0,0,0,0,0,0,0,0,0,0,0,0,0,0,0,0,0,0,0,0,0,0,0,0,E+,501+ ,-1,20;;
Ntropy Network,https://ntropy.network,Enterprise Technology,Fully Remote (not only during COVID-19),Remote (post COVID-19),https://docs.google.com/document/d/1B0kMa5Gvnq8PIIGNtbk0KDguvRFnGXgJGxjHJUpbpRI/edit?usp=sharing,-1,1,0,0,0,1,1,0,1,0,0,0,1,0,0,0,0,0,0,0,0,0,0,0,0,0,0,0,0,0,0,0,0,0,0,0,0,0,0,1,0,0,0,Seed,10 ,1,5;;
"ChartHop,https://www.charthop.com,Enterprise Technology,US/New York,""Remote (post COVID-19), At HQ (as listed above)"",https://angel.co/company/charthop-inc/jobs,-1,1,1,0,1,0,1,1,1,1,0,0,0,0,0,0,0,1,0,0,0,0,0,0,0,0,0,0,0,0,1,0,0,0,0,0,0,0,0,0,0,0,0,Seed,10 ,6,10";;
Rakuten Viki,www.viki.com,Consumer Technology,Singapore,At HQ (as listed above),talent.rakuten.careers/viki/,-1,1,0,0,0,1,1,1,1,1,0,0,0,0,0,0,0,0,0,0,0,0,0,0,0,0,0,0,0,0,0,0,0,0,0,0,0,0,0,0,1,0,0,-1,500 ,6,10;;
Apollo Medical Holdings,apollomed.net,Healthcare,US/California,At HQ (as listed above),https://workforcenow.adp.com/mascsr/default/mdf/recruitment/recruitment.html?ccId&cid=7b2269b4-9683-419a-a78d-368bc8581c60,-1,1,0,0,0,1,1,1,1,1,0,0,1,0,0,0,0,0,0,0,0,0,0,0,0,0,0,0,0,0,0,0,0,0,0,0,0,0,0,0,0,1,0,E+,501+ ,6,10;;
EnergyHub,https://www.energyhub.com/,Enterprise Technology,US/New York,At HQ (as listed above),https://www.energyhub.com/careers,-1,1,0,0,1,1,1,0,0,0,0,0,1,0,0,0,0,0,0,0,0,0,0,0,0,0,0,0,1,0,0,0,0,0,0,1,0,1,0,1,0,0,0,E+,100 ,6,10;;
"Allcall,allcalltravel.com,Consumer Technology,US/New York,""Remote (post COVID-19), At HQ (as listed above)"",https://angel.co/l/2hhVhr,-1,1,0,0,0,0,0,0,0,1,0,0,0,0,0,0,0,0,0,0,0,0,0,0,0,0,0,0,0,0,0,0,0,0,0,0,0,0,0,0,0,0,0,Pre-Seed,10 ,1,5";;
PopSQL,https://popsql.com,Enterprise Technology,Fully Remote (not only during COVID-19),Remote (post COVID-19),https://angel.co/company/popsql/jobs,-1,1,0,0,0,0,0,0,1,0,0,0,0,0,0,0,0,0,0,0,0,0,0,0,0,0,0,0,0,0,0,0,0,0,0,0,0,0,0,0,0,0,0,Seed,10 ,1,5;;
OhMD,www.OhMD.com,Healthcare,Fully Remote (not only during COVID-19),Remote (post COVID-19),www.ohmd.com/careers,-1,1,0,1,1,0,1,1,1,1,0,0,0,0,0,0,0,0,0,0,0,0,0,0,0,1,1,0,1,1,1,0,0,0,1,0,0,1,0,0,0,0,0,A,50 ,11,20;;
"Saga,https://trysaga.com,Consumer Technology,US/California,""Remote (post COVID-19), At HQ (as listed above)"",-1,-1,1,0,0,0,0,1,1,0,1,1,0,0,0,0,0,0,0,0,0,0,0,0,0,0,0,0,0,0,0,0,0,0,0,0,0,0,0,0,0,0,0,0,Seed,10 ,1,5";;
Cottage,https://www.cotta.ge/,Consumer Technology,US/California,At HQ (as listed above),-1,-1,1,0,0,1,1,0,0,0,1,0,0,0,0,0,0,0,0,0,0,0,1,0,0,0,0,0,0,1,1,1,0,0,1,0,0,0,0,0,0,0,0,0,Seed,10 ,1,5;;
kea.,https://www.kea.ai/,Consumer Technology,US/California,At HQ (as listed above),https://kea.breezy.hr/,-1,1,0,1,1,0,1,0,0,1,0,0,0,0,0,0,0,0,0,0,0,1,0,0,0,0,0,0,0,0,1,0,0,0,0,0,0,0,0,0,0,0,0,Seed,50 ,1,5;;
SimpliSafe,https://simplisafe.com/,Consumer Technology,US/Massachusetts,At HQ (as listed above),https://boards.greenhouse.io/simplisafe?gh_src=50d7feea1us,-1,1,1,1,1,1,1,1,1,1,1,1,1,1,1,1,1,1,0,0,0,1,1,0,1,0,1,0,1,0,1,0,1,0,1,1,0,0,1,0,1,0,0,-1,501+ ,-1,20;;
BrightHire,BrightHire.ai,Enterprise Technology,US/New York,At HQ (as listed above),https://angel.co/company/brighthire/jobs/732135-full-stack-engineer,-1,1,0,0,0,0,0,0,0,1,0,0,0,0,0,0,0,0,0,0,0,0,0,0,0,0,0,0,0,0,0,0,0,0,0,0,0,0,0,0,0,0,0,Seed,10 ,1,5;;
Verkada,https://www.verkada.com/,Enterprise Technology,US/California,-1,https://jobs.lever.co/verkada/,-1,0,0,0,1,0,0,0,0,0,0,0,0,0,0,0,0,0,0,0,0,0,0,0,0,0,0,0,0,0,1,0,0,0,0,0,0,0,0,0,0,0,0,C,500 ,1,5;;
Bolt,https://www.bolt.com/,Enterprise Technology,US/California,-1,https://www.bolt.com/careers,-1,0,0,0,0,0,0,0,0,0,0,0,0,0,0,0,0,0,0,0,0,0,0,0,0,0,0,0,0,0,0,0,0,0,0,0,0,0,0,0,0,0,0,B,500 ,1,5;;
Spire,https://spire.com/,Enterprise Technology,US/California,-1,https://spire.com/careers/jobs/job/?gh_jid=2086975,-1,0,0,0,0,0,0,0,0,0,0,0,0,0,0,0,0,0,0,0,0,0,0,0,0,0,0,0,0,0,0,0,0,0,0,0,0,0,0,0,0,0,0,D,500 ,1,5;;
Full Harvest,https://www.fullharvest.com/,Enterprise Technology,US/California,-1,https://www.fullharvest.com/careers,-1,0,0,0,0,0,0,0,0,0,0,0,0,0,0,0,0,0,0,0,0,0,0,0,0,0,0,0,0,0,0,0,0,0,0,0,0,0,0,0,0,0,0,A,50 ,1,5;;
Shippo,https://goshippo.com/,Enterprise Technology,US/California,-1,https://goshippo.com/jobs/#openjobs,-1,0,0,0,0,0,0,0,0,0,0,0,0,0,0,0,0,0,0,0,0,0,0,0,0,0,0,0,0,0,0,0,0,0,0,0,0,0,0,0,0,0,0,B,100 ,1,5;;
Activision Blizzard Media,https://www.activisionblizzardmedia.com/,Consumer Technology,US/California,-1,-1,-1,0,0,0,0,0,0,0,0,0,0,0,0,0,0,0,0,0,0,0,0,0,0,0,0,0,0,0,0,0,0,0,0,0,0,0,0,0,0,0,0,0,0,E+,501+ ,1,5;;
Loft Orbital,https://www.loftorbital.com/,Enterprise Technology,US/California,-1,https://jobs.lever.co/loftorbital,-1,0,0,0,0,0,0,0,0,0,0,0,0,0,0,0,0,0,0,0,0,0,0,0,0,0,0,0,0,0,0,0,0,0,0,0,0,0,0,0,0,0,0,A,50 ,1,5;;
Beyond 12,-1,-1,US/California,-1,-1,-1,0,0,0,0,0,0,0,0,0,0,0,0,0,0,0,0,0,0,0,0,0,0,0,0,0,0,0,0,0,0,0,0,0,0,0,0,0,0,0,0,0,0,-1,-1,1,5;;
King,http://king.com/,Consumer Technology,US/California,-1,https://careers.king.com/jobs/?search=&location=San+Francisco&role=,-1,0,0,0,0,0,0,0,0,0,0,0,0,0,0,0,0,0,0,0,0,0,0,0,0,0,0,0,0,0,0,0,0,0,0,0,0,0,0,0,0,0,0,E+,501+ ,1,5;;
Playbyte,https://www.playbyte.io/,Consumer Technology,US/California,-1,https://www.playbyte.io/front-end-engineer,-1,1,0,0,0,0,0,1,0,0,0,0,0,0,0,0,0,0,0,0,0,0,0,0,0,0,0,0,0,0,0,0,0,0,0,0,0,0,0,0,0,0,0,Seed,10 ,1,5;;
Zyper,https://zyper.com/,Enterprise Technology,US/California,-1,https://jobs.lever.co/zyper/d56def98-06b6-45dd-bc2e-c506094f94d4,-1,0,0,1,0,0,0,0,0,0,0,0,0,0,0,0,0,0,0,0,0,0,0,0,1,0,0,0,0,0,0,0,0,0,0,0,0,0,0,0,0,0,0,A,10 ,1,5;;
Ridgeline,https://www.ridgelineapps.com/,Enterprise Technology,US/California,-1,https://boards.greenhouse.io/ridgeline/jobs/4019697003,-1,1,0,0,0,0,0,1,0,0,0,0,0,0,0,0,0,0,0,0,0,0,0,0,0,0,0,0,0,0,0,0,0,0,0,0,0,0,0,0,0,0,0,A,-1,1,5;;
SomnologyMD,https://www.somnologymd.com/,Consumer Technology,US/California,-1,https://www.linkedin.com/posts/somnology_we-are-searching-for-a-professional-proactive-activity-6643580667546386433-ukdc/,-1,0,0,1,0,0,0,0,0,0,0,0,0,0,0,0,0,0,0,0,0,0,0,0,0,0,0,1,0,0,0,0,0,0,0,0,0,0,0,0,0,0,0,-1,-1,1,5;;
Monte Carlo Data,https://towardsdatascience.com/good-pipelines-bad-data-e55d9ba17920,Enterprise Technology,Fully Remote (not only during COVID-19),-1,lgavish@montecarlodata.com,-1,0,0,0,0,1,0,0,0,0,0,0,0,0,0,0,0,0,0,0,0,0,0,0,0,0,0,0,0,0,0,0,0,0,0,0,0,0,0,1,0,0,0,Seed,10 ,1,5;;
Tandem.chat,https://tandem.chat/,Enterprise Technology,US/California,-1,https://www.notion.so/Tandem-is-Hiring-31790502dbcb46ed95573012604b19a5,-1,1,0,0,0,0,0,0,0,1,0,0,0,0,0,0,0,0,0,0,0,0,0,0,0,0,0,0,0,0,0,0,0,0,0,0,0,0,0,0,0,0,0,Seed,-1,1,5;;
Earnin,https://www.earnin.com/,Consumer Technology,US/California,-1,https://www.earnin.com/careers,-1,0,0,0,0,0,0,0,0,0,0,0,0,0,0,0,0,0,0,0,0,0,0,0,0,0,0,0,0,0,0,0,0,0,0,0,0,0,0,0,0,0,0,C,500 ,1,5;;
Boulevard,https://www.joinblvd.com/,Enterprise Technology,US/California,-1,https://jobs.lever.co/boulevard,-1,0,0,0,0,0,0,0,0,0,0,0,0,0,0,0,0,0,0,0,0,0,0,0,0,0,0,0,0,0,0,0,0,0,0,0,0,0,0,0,0,0,0,A,50 ,1,5;;
Grand Rounds (hiring potentially frozen),https://grandrounds.com/about-us/,Enterprise Technology,-1,-1,-1,-1,0,0,0,0,0,0,0,0,0,0,0,0,0,0,0,0,0,0,0,0,0,0,0,0,0,0,0,0,0,0,0,0,0,0,0,0,0,0,0,0,0,0,D,500 ,1,5;;
brightwheel,https://mybrightwheel.com,Enterprise Technology,US/California,-1,https://jobs.lever.co/brightwheel,-1,0,0,0,0,0,0,0,0,0,0,0,0,0,0,0,0,0,0,0,0,0,0,0,0,0,0,0,0,0,0,0,0,0,0,0,0,0,0,0,0,0,0,B,100 ,1,5;;
Ramp,https://tryramp.com/,Enterprise Technology,US/New York,-1,https://tryramp.com/careers,-1,0,0,0,0,0,0,0,0,0,0,0,0,0,0,0,0,0,0,0,0,0,0,0,0,0,0,0,0,0,0,0,0,0,0,0,0,0,0,0,0,0,0,A,50 ,1,5;;
Thrive Global,https://thriveglobal.com/,Consumer Technology,US/California,-1,https://thriveglobal.com/careers/,-1,0,0,0,0,0,0,0,0,0,0,0,0,0,0,0,0,0,0,0,0,0,0,0,0,0,0,0,0,0,0,0,0,0,0,0,0,0,0,0,0,0,0,B,-1,1,5;;
Instacart,https://www.instacart.com/,Consumer Technology,US/California,-1,https://instacart.careers/current-openings/,-1,0,0,0,0,0,0,0,0,0,0,0,0,0,0,0,0,0,0,0,0,0,0,0,0,0,0,0,0,0,0,0,0,0,0,0,0,0,0,0,0,0,0,E+,-1,1,5;;
Otter.ai,https://otter.ai,Enterprise Technology,US/California,-1,https://otter.ai/careers,-1,1,0,0,0,0,0,0,1,0,0,0,0,0,0,0,0,0,0,0,0,0,0,0,0,0,0,0,0,0,0,0,0,0,0,0,0,0,0,0,0,0,0,B,-1,1,5;;
Daily Harvest,https://www.daily-harvest.com/,Consumer Technology,US/New York,-1,https://get.daily-harvest.com/join-our-team/,-1,0,0,0,1,0,0,0,0,0,0,0,0,0,0,0,0,0,0,0,0,0,0,0,0,0,0,0,0,0,0,0,0,0,0,0,1,0,0,0,0,0,0,B,-1,1,5;;
Attivo Partners,https://www.attivopartners.com/careers,Other,US/California,At HQ (as listed above),https://jobs.lever.co/attivopartners,-1,0,0,1,0,0,0,0,0,0,0,0,0,0,0,0,0,0,0,0,0,1,0,0,0,0,0,0,0,0,0,0,0,0,0,0,0,0,0,0,0,0,0,Seed,50 ,1,5;;
Underscore.vc,www.underscore.vc,Enterprise Technology,US/Massachusetts,At HQ (as listed above),https://www.underscore.vc/lead-content-producer,-1,0,0,0,1,0,0,0,0,0,0,0,0,0,0,0,0,0,0,0,0,0,0,0,0,0,0,0,0,0,0,0,0,0,0,0,0,0,0,0,0,0,0,-1,50 ,1,5;;
"Genoa Telepsychiatry,http://genoatelepsychiatry.com/,Healthcare,US/New York,""Remote (post COVID-19), At HQ (as listed above)"",https://genoatelepsychiatry.com/join-our-team/,-1,1,0,0,1,0,1,0,0,1,0,0,0,0,0,0,0,0,0,0,0,0,0,0,0,0,0,0,0,0,0,0,1,0,0,1,0,1,0,0,0,0,0,-1,-1,1,5";;
"WFG - Transamerica,tfaconnect.com,Other,US/California,""Remote (post COVID-19), At HQ (as listed above)"",-1,-1,0,0,0,0,0,0,0,0,0,0,0,0,0,0,0,0,0,0,0,0,0,0,0,0,0,0,0,0,0,0,0,0,0,0,0,0,0,0,0,0,0,0,-1,500 ,1,5";;
Jefferies,-1,Enterprise Technology,US/California,At HQ (as listed above),-1,-1,0,0,1,1,1,0,0,0,0,0,0,0,0,0,0,0,0,0,0,0,1,0,0,0,0,0,0,1,0,0,0,0,0,0,0,1,0,1,0,0,0,0,B,500 ,1,5;;
"Fairmarkit,www.fairmarkit.com,Enterprise Technology,US/Massachusetts,""Remote (post COVID-19), At HQ (as listed above)"",-1,-1,1,1,1,1,1,1,1,1,1,0,0,0,0,0,0,0,1,0,1,0,0,0,0,1,0,0,0,1,1,0,1,0,0,0,0,0,1,0,1,0,0,0,A,100 ,6,10";;
Presidential Innovation Fellows,https://presidentialinnovationfellows.gov/apply/,Other,US/Washington D.C.,At HQ (as listed above),https://presidentialinnovationfellows.gov/apply/,-1,0,0,0,0,0,0,0,0,0,0,0,0,0,0,0,0,0,0,0,0,0,0,0,0,0,0,0,0,0,0,0,0,0,0,0,0,0,0,0,0,0,0,-1,-1,-1,-1;;
"Carry1st,www.carry1st.com,Consumer Technology,South Africa,""Remote (post COVID-19), At HQ (as listed above)"",https://apply.workable.com/carry1st/,-1,1,0,0,1,1,1,1,1,1,0,0,1,0,0,0,0,0,0,0,0,0,0,0,0,0,0,0,1,0,0,1,0,0,0,0,1,0,1,1,0,0,0,Seed,50 ,1,5";;
"Belvo,www.belvo.co,Enterprise Technology,Spain,""At HQ (as listed above), Mexico City HQ"",https://recruiterflow.com/belvo/jobs,-1,1,1,1,1,1,1,1,1,1,0,0,0,0,0,0,0,1,0,0,0,1,1,0,0,0,0,0,0,1,0,0,0,0,0,1,0,0,0,1,1,0,0,Seed,50 ,11,20";;
"Blueprint Title,www.blueprinttitle.com,Consumer Technology,US/Tennessee,""Remote (post COVID-19), At HQ (as listed above)"",https://jobs.lever.co/blueprinttitle,-1,1,0,1,1,1,1,1,1,1,0,0,0,0,0,0,0,0,0,0,0,0,1,0,1,1,0,0,1,0,1,0,0,1,0,0,0,0,0,0,0,0,1,A,50 ,11,20";;
Savvy,www.savvyscreen.com,Enterprise Technology,US/New York,Open to best candidates regardless of geography,-1,-1,1,0,0,0,0,1,1,1,1,0,0,0,0,0,0,0,0,0,0,0,0,0,0,0,0,0,0,0,0,0,0,0,0,0,0,0,0,0,0,0,0,0,Seed,10 ,1,5;;
"PubNub,https://www.pubnub.com,Enterprise Technology,US/California,""Remote (post COVID-19), At HQ (as listed above), Poland, London, India, Canada, etc."",https://www.pubnub.com/company/careers/,-1,1,0,0,1,1,1,1,1,1,1,0,1,1,0,0,0,0,0,0,0,0,0,0,0,0,0,0,0,1,0,0,0,0,0,0,0,1,0,0,1,0,0,-1,500 ,11,20";;
"Athlane,www.athlane.com,Enterprise Technology,US/California,""Remote (post COVID-19), At HQ (as listed above)"",careers@athlane.com,-1,1,0,0,1,1,1,1,1,1,0,0,0,0,0,0,0,0,0,0,0,0,0,0,0,0,0,0,1,1,1,0,0,0,0,0,0,0,0,1,0,0,0,Seed,10 ,1,5";;
"Clever,https://clever.com/,Consumer Technology,US/California,""At HQ (as listed above), Durham, North Carolina"",https://clever.com/about/careers,-1,1,0,1,1,1,1,0,0,1,0,0,0,0,0,0,0,0,0,0,0,0,1,0,0,1,0,0,0,0,1,0,0,0,1,1,0,1,0,1,1,0,0,B,500 ,11,20";;
Osmind,https://osmind.org/careers,Healthcare,US/California,At HQ (as listed above),https://osmind.org/careers,-1,1,0,0,0,0,1,0,0,1,1,0,0,0,0,0,0,0,0,0,0,0,0,0,0,0,0,0,0,0,0,0,0,0,0,0,0,0,0,0,0,0,0,Pre-Seed,10 ,1,5;;
Hungryroot,Hungryroot.com,Other,US/New York,At HQ (as listed above),https://hungryroot.breezy.hr/p/ec81c3358fcb-business-analyst https://hungryroot.breezy.hr/p/47a0b434a1de-customer-service-specialist,-1,0,0,0,1,1,0,0,0,0,0,0,0,0,0,0,0,0,0,0,0,0,0,0,0,0,0,0,0,0,0,0,0,0,0,0,0,1,1,1,0,0,0,B,50 ,1,5;;
Render,https://render.com,Enterprise Technology,US/California,At HQ (as listed above),https://jobs.lever.co/render,-1,1,0,0,0,0,1,0,0,1,0,0,0,0,0,0,0,0,0,0,0,0,0,0,0,0,0,0,0,0,0,0,0,0,0,0,0,0,0,0,0,0,0,Seed,10 ,1,5;;
"Braze,braze.com,Enterprise Technology,US/New York,""New York, San Francisco, Chicago, London, Singapore"",https://www.braze.com/about/careers,-1,1,1,0,1,1,1,1,0,1,1,0,0,1,0,0,0,1,0,0,0,0,0,0,0,0,0,0,1,0,1,0,1,0,0,1,1,1,0,1,1,0,0,E+,500 ,11,20";;
"UpMetrics,https://www.upmetrics.com/,Enterprise Technology,US/California,""Remote (post COVID-19), At HQ (as listed above)"",https://www.upmetrics.com/careers.html,-1,1,0,0,1,1,1,0,0,0,0,0,0,0,0,0,0,0,0,0,0,0,0,0,0,0,0,0,0,0,1,0,1,0,0,1,0,1,0,1,0,1,0,-1,50 ,6,10";;
Frame.io,https://careers.frame.io/,Enterprise Technology,US/New York,Remote (post COVID-19),https://careers.frame.io/,-1,1,1,1,0,1,1,1,1,0,1,1,0,0,0,0,1,1,0,1,1,1,1,0,0,0,0,0,0,0,0,0,0,0,0,0,0,0,0,0,1,0,0,C,500 ,-1,20;;
"Nand Capital,-1,Other,US/California,""Remote (post COVID-19), At HQ (as listed above)"",https://www.linkedin.com/jobs/view/1802650327/,-1,1,0,0,0,0,1,0,0,0,0,0,1,0,0,0,0,0,0,0,0,0,0,0,0,0,0,0,0,0,0,0,0,0,0,0,0,0,0,0,0,0,0,-1,-1,1,5";;
Secureframe,Secureframe.com,Enterprise Technology,US/California,At HQ (as listed above),https://www.secureframe.com/careers,-1,1,0,0,0,0,1,1,0,0,0,0,0,0,0,0,0,0,0,0,0,0,0,0,0,0,0,0,0,0,0,0,0,0,0,0,0,0,0,0,0,0,0,Seed,10 ,1,5;;
WAVE,-1,Consumer Technology,US/California,At HQ (as listed above),https://grnh.se/385ad21c2,-1,1,1,1,1,1,1,0,0,0,0,0,0,0,0,0,0,0,0,1,1,1,0,0,0,0,0,0,0,1,1,0,0,1,0,0,1,0,1,1,0,0,0,A,50 ,11,20;;
Augmedix,Augmedix.com,-1,US/California,-1,-1,-1,0,0,0,0,0,0,0,0,0,0,0,0,0,0,0,0,0,0,0,0,0,0,0,0,0,0,0,0,0,0,0,0,0,0,0,0,0,0,0,0,0,0,-1,500 ,-1,-1;;
"Forecast,https://www.forecast.app/,Enterprise Technology,Denmark,""At HQ (as listed above), London office"",http://jobs.forecast.it/,-1,0,0,1,1,1,0,0,0,0,0,0,0,0,0,0,0,0,0,0,0,0,0,0,0,0,1,0,0,1,1,0,0,0,0,0,0,1,0,0,0,0,1,Seed,50 ,1,5";;
Curai,www.curai.com,Healthcare,US/California,At HQ (as listed above),https://curai.com/work/workplace-manager,-1,0,0,1,0,0,0,0,0,0,0,0,0,0,0,0,0,0,0,0,0,0,1,1,0,0,0,0,0,0,0,0,0,0,0,0,0,0,0,0,0,0,0,A,50 ,1,5;;
On Pepper,OnPepper.com,Enterprise Technology,US/New York,Remote (post COVID-19),-1,-1,0,1,0,1,0,0,0,0,0,0,0,0,0,0,0,0,1,0,0,0,0,0,0,0,0,0,0,0,0,0,0,0,0,0,1,0,0,0,0,0,0,0,Seed,10 ,1,5;;
GitLab, Inc.,gitlab.com,Enterprise Technology,Fully Remote (not only during COVID-19),Remote (post COVID-19),https://about.gitlab.com/jobs/,-1,0,0,0,0,0,0,0,0,0,0,0,0,0,0,0,0,0,0,0,0,0,0,0,0,0,0,0,0,0,0,0,0,0,0,0,0,0,0,0,0,0,0,E+,501+ ,-1,20;;
"Alpha HQ,alphahq.com,Enterprise Technology,US/New York,""Remote (post COVID-19), At HQ (as listed above)"",https://alphahq.com/careers/,-1,1,1,0,1,0,1,1,1,1,0,0,0,0,0,0,0,1,0,0,0,0,0,0,0,0,0,0,0,0,0,0,1,0,0,0,0,0,0,0,0,0,0,A,50 ,1,5";;
Course Hero,https://www.coursehero.com,Consumer Technology,US/California,At HQ (as listed above),https://www.coursehero.com/jobs/,-1,1,1,1,1,1,1,1,1,1,0,0,0,0,0,0,0,1,0,0,0,0,1,0,0,0,0,0,0,0,0,0,0,0,0,1,1,0,0,1,1,0,0,B,500 ,-1,20;;
Afresh Technologies,www.afreshtechnologies.com,Enterprise Technology,US/California,At HQ (as listed above),https://afreshtechnologies.com/join/,-1,1,0,1,1,1,0,0,0,0,1,0,0,0,0,0,0,0,0,0,0,0,0,1,1,0,0,0,0,0,0,0,0,1,0,0,0,0,0,0,1,0,0,A,50 ,6,10;;
"stensul,https://stensul.com/,Enterprise Technology,US/New York,""At HQ (as listed above), Buenos Aires (second location)"",https://stensul.com/careers#openings,-1,1,0,1,1,1,0,1,0,1,0,1,0,0,0,0,0,0,0,0,0,1,1,0,0,1,0,0,0,1,1,0,0,0,1,0,0,1,0,0,1,0,0,A,100 ,11,20";;
Curated,www.curated.com,Consumer Technology,US/California,At HQ (as listed above),https://hire.withgoogle.com/public/jobs/dealcom,-1,1,0,1,1,1,0,0,1,1,0,0,0,0,0,0,0,0,0,0,0,1,0,0,0,0,1,0,0,0,0,0,0,0,0,0,1,0,1,0,0,0,0,A,50 ,1,5;;
"CommonStock,CommonStock.com,Consumer Technology,US/California,""Remote (post COVID-19), At HQ (as listed above)"",https://commonstock.com/careers/,-1,1,1,0,0,0,1,1,0,0,1,0,1,0,0,0,0,1,0,1,0,0,0,0,0,0,0,0,0,0,0,0,0,0,0,0,0,0,0,0,0,0,0,Seed,10 ,1,5";;
Gtmhub,https://gtmhub.com/,Enterprise Technology,US/Colorado,At HQ (as listed above),https://www.builtincolorado.com/company/gtmhub,-1,1,0,0,1,0,0,0,0,0,0,0,0,0,0,0,0,0,0,0,0,0,0,0,0,0,0,0,1,1,0,0,0,0,0,0,0,0,0,0,0,0,0,A,100 ,1,5;;
Unlearn.ai,https://www.unlearn.health/,Healthcare,US/California,At HQ (as listed above),https://www.unlearn.health/jobs,-1,1,0,0,1,1,1,0,0,0,0,0,0,0,0,0,0,0,0,0,0,0,0,0,0,0,0,0,0,0,0,1,0,0,0,1,0,0,0,1,0,0,0,Seed,50 ,6,10;;
Catalyst,getcatalyst.io,Enterprise Technology,US/New York,At HQ (as listed above),https://getcatalyst.io/careers,-1,1,1,0,1,0,1,0,1,0,0,0,1,0,0,0,0,1,0,0,0,0,0,0,0,0,0,0,0,1,0,0,0,0,0,1,0,1,0,0,0,0,0,A,50 ,6,10;;
One Degree,https://www.1degree.org,Consumer Technology,Fully Remote (not only during COVID-19),Remote (post COVID-19),https://about.1degree.org/director-engineering,-1,1,0,0,0,0,1,0,0,0,0,0,0,0,0,0,0,0,0,0,0,0,0,0,0,0,0,0,0,0,0,0,0,0,0,0,0,0,0,0,0,0,0,-1,50 ,1,5;;
"Cookie.AI, Inc.,Stealth,Enterprise Technology,US/California,""Remote (post COVID-19), VC offices"",""Looking for engineers - SaaS, ML/AI, Distributed Systems"",-1,1,1,0,1,1,1,0,1,0,0,0,1,1,0,0,1,1,0,0,0,0,0,0,0,0,0,0,0,1,0,0,0,0,0,0,0,0,0,0,1,0,0,Seed,10 ,1,5";;
Amino,https://amino.com,Healthcare,US/California,At HQ (as listed above),https://boards.greenhouse.io/aminohealth,-1,1,0,0,0,0,0,0,1,1,0,0,0,0,0,0,0,0,0,0,0,0,0,0,0,0,0,0,0,0,0,0,0,0,0,0,0,0,0,0,0,0,0,A,50 ,6,10;;
"Hiya,hiya.com,-1,US/Washington,""Remote (post COVID-19), At HQ (as listed above)"",hiya.com/careers,-1,1,0,0,1,1,1,0,1,0,1,0,0,0,0,0,0,0,0,0,0,0,0,0,0,0,0,0,0,0,1,0,0,0,0,0,0,0,0,0,1,0,0,B,-1,-1,-1";;
Swoop,https://swoopapp.com/,Enterprise Technology,US/California,At HQ (as listed above),https://jobs.lever.co/swoopapp,-1,1,1,0,0,0,1,0,0,1,0,0,0,0,0,0,0,1,0,0,0,0,0,0,0,0,0,0,0,0,0,0,0,0,0,0,0,0,0,0,0,0,0,Seed,10 ,1,5;;
"Tonkean,www.tonkean.com,Enterprise Technology,US/California,""At HQ (as listed above), Tel-Aviv"",https://tonkean.com/careers/,-1,1,1,1,1,1,1,0,1,1,0,1,1,0,0,0,0,0,1,1,0,1,0,1,1,1,1,1,0,0,1,1,0,1,0,0,1,1,1,0,0,0,0,A,50 ,11,20";;
Roblox,corp.roblox.com,Consumer Technology,US/California,At HQ (as listed above),https://corp.roblox.com/careers/,-1,1,1,0,1,1,1,1,1,1,0,0,1,0,0,0,1,1,0,0,0,0,0,0,0,0,0,0,0,0,0,0,0,0,0,1,0,0,0,1,1,0,0,E+,501+ ,-1,20;;
Quid,getquid.com,Consumer Technology,US/California,At HQ (as listed above),-1,-1,0,0,1,1,0,0,0,0,0,0,0,0,0,0,0,0,0,0,0,0,0,0,0,1,0,1,0,1,1,1,0,1,1,0,0,0,0,0,0,0,0,0,-1,10 ,1,5;;
"Loom,https://www.loom.com/company,Enterprise Technology,US/California,""Remote (post COVID-19), At HQ (as listed above)"",https://jobs.lever.co/useloom,-1,1,1,1,1,1,1,1,1,1,0,0,0,0,0,0,0,0,0,0,0,0,1,0,1,0,0,0,0,0,1,0,0,0,0,0,0,0,0,1,0,0,0,B,100 ,11,20";;
"Nova Credit,https://www.novacredit.com/,Enterprise Technology,US/California,""At HQ (as listed above), San Francisco (HQ), New York City"",https://jobs.lever.co/neednova,-1,1,0,1,1,0,1,1,1,1,0,0,0,1,0,0,0,0,0,0,0,1,0,0,0,0,0,0,0,0,0,0,0,0,0,0,0,1,0,0,0,0,0,B,50 ,6,10";;
Yoni Circle,www.yonicircle.com,Consumer Technology,US/California,At HQ (as listed above),-1,-1,1,1,1,0,0,1,0,0,1,1,0,0,0,0,0,0,1,0,0,0,0,0,0,0,0,1,0,0,0,0,0,0,0,0,0,0,0,0,0,0,0,0,Pre-Seed,10 ,1,5;;
XCLAIM,www.x-claim.com,Enterprise Technology,US/California,At HQ (as listed above),https://jobs.lever.co/x-claim,-1,1,0,0,0,1,1,0,0,1,0,0,0,0,0,0,0,0,0,0,0,0,0,0,0,0,0,0,0,0,0,0,0,0,0,0,0,0,1,0,0,0,0,Seed,50 ,1,5;;
"Arcadia,https://www.arcadia.com/,Consumer Technology,US/Maryland,""Remote (post COVID-19), At HQ (as listed above), Our HQ is in Washington, DC- didn't see that as an option above!"",https://www.arcadia.com/careers,-1,1,1,1,1,0,0,0,0,0,0,0,1,0,0,0,0,0,0,0,0,0,0,0,0,0,0,0,0,0,0,0,0,0,0,0,0,0,0,0,0,0,0,C,500 ,1,5";;
"Marlo,getmarlo.com,Enterprise Technology,US/Texas,""Remote (post COVID-19), At HQ (as listed above)"",https://angel.co/company/marlohq/jobs,-1,1,1,0,0,0,1,1,1,1,0,0,0,0,0,0,0,1,0,1,1,0,0,0,0,0,0,0,0,0,0,0,0,0,0,0,0,0,0,0,0,0,0,Seed,10 ,1,5";;
Mercury,www.mercury.com,Other,US/California,At HQ (as listed above),www.mercury.com/jobs,-1,0,1,1,1,0,0,0,0,0,0,0,0,0,0,0,0,1,0,0,0,0,0,0,0,1,0,0,0,0,0,0,0,0,0,0,0,1,0,0,0,0,0,A,50 ,1,5;;
"Mythical Games,https://mythical.games,Consumer Technology,US/California,""At HQ (as listed above), Seattle, WA | Kansas City, MO"",https://mythical.games,-1,1,1,1,1,0,1,0,1,0,0,1,1,0,0,0,0,0,0,0,1,0,0,0,0,1,0,0,0,0,0,0,0,0,0,0,1,0,0,0,0,0,0,A,50 ,6,10";;
Kustomer,https://www.kustomer.com/,Enterprise Technology,US/New York,At HQ (as listed above),https://www.kustomer.com/careers/,-1,1,0,1,0,0,1,0,1,0,1,1,0,0,0,0,0,0,0,0,0,0,0,0,0,1,0,0,0,0,0,0,0,0,0,0,0,0,0,0,0,0,0,E+,500 ,6,10;;
"Sentry.io,https://sentry.io/,Enterprise Technology,US/California,""At HQ (as listed above), San Francisco, Vienna (Austria), Toronto (Canada)"",https://sentry.io/careers/,-1,1,1,1,1,0,1,1,1,1,1,0,1,1,0,0,0,1,0,0,0,0,1,0,1,1,0,0,0,0,1,0,0,1,0,0,0,1,0,0,0,0,0,C,500 ,-1,20";;
Wonolo,wonolo.com,Enterprise Technology,US/California,San Francisco or Nashville,https://jobs.lever.co/wonolo/26f19d15-c46c-4c1b-a4bf-21775b483016,-1,0,0,1,1,0,0,0,0,0,0,0,0,0,0,0,0,0,0,0,0,0,0,0,0,1,0,0,0,0,1,0,0,0,0,0,0,1,0,0,0,0,0,C,500 ,1,5;;
"Skupos,https://www.skupos.com/,Enterprise Technology,US/California,""At HQ (as listed above), Denver, CO"",https://jobs.lever.co/skupos,-1,1,0,1,1,1,0,0,0,0,0,1,0,0,0,0,0,0,0,0,0,0,0,0,0,1,1,0,0,0,0,0,0,0,0,0,0,0,1,0,0,1,0,B,500 ,6,10";;
Osmosis,https://www.osmosis.org/,Healthcare,Fully Remote (not only during COVID-19),Remote (post COVID-19),https://www.osmosis.org/careers,-1,0,0,1,1,0,0,0,0,0,0,0,0,0,0,0,0,0,0,0,0,1,0,0,0,0,0,0,0,0,0,0,1,0,0,0,0,0,0,0,0,0,0,A,100 ,6,10;;
Summer,http://www.meetsummer.org/,Consumer Technology,US/New York,At HQ (as listed above),https://www.meetsummer.org/careers/,-1,1,0,0,0,1,1,1,1,0,0,0,0,0,0,0,0,0,0,0,0,0,0,0,0,0,0,0,0,0,0,0,0,0,0,0,0,0,1,1,0,0,0,A,50 ,1,5;;
"DFINITY,www.dfinity.org,Enterprise Technology,US/California,""At HQ (as listed above), 2 Bay Area offices, SF and Palo Alto"",https://dfinity.org/careers,-1,1,0,1,1,0,1,0,1,1,0,0,1,0,0,0,1,0,0,0,0,1,0,0,0,0,0,0,0,0,0,0,0,0,0,1,1,0,0,0,0,0,0,-1,100 ,11,20";;
Takko, Inc.,takkoapp.com,Consumer Technology,US/California,At HQ (as listed above),https://angel.co/company/for-creators-by-creators/jobs/751321-hiring-software-engineers-for-takko-social-app-located-in-los-angeles,-1,1,0,1,0,0,1,0,1,1,1,0,0,0,0,0,0,0,0,0,0,0,1,0,0,0,0,0,0,0,0,0,0,0,0,0,0,0,0,0,0,0,0,Seed,10 ,1,5;;
Coursera,https://www.coursera.org/,Other,US/California,multiple global offices depending on role,https://jobs.lever.co/coursera?lever-via=7IckUNtgjU,-1,0,0,0,0,0,0,0,0,0,0,0,0,0,0,0,0,0,0,0,0,0,0,0,0,0,0,0,0,0,0,0,0,0,0,0,0,0,0,0,0,0,0,E+,500 ,-1,20;;
"Neuralink,Neuralink.com,Other,US/California,""At HQ (as listed above), San Francisco, CA or Fremont, CA"",https://jobs.lever.co/neuralink,-1,1,0,0,0,0,1,0,1,0,0,0,0,0,1,1,0,0,0,0,0,0,0,0,0,0,0,0,0,0,0,0,0,0,0,0,0,0,0,0,0,0,0,-1,100 ,11,20";;
"The Meta,https://themeta.com,Consumer Technology,US/California,""Remote (post COVID-19), At HQ (as listed above)"",https://themeta.com/open-positions,-1,1,0,0,0,0,1,1,0,0,0,0,0,0,0,0,0,0,0,0,0,0,0,0,0,0,0,0,0,0,0,0,0,0,0,0,0,0,0,0,0,0,0,A,10 ,1,5";;
"Chippin,chippinsnacks.com,Consumer Technology,US/New York,""Remote (post COVID-19), At HQ (as listed above)"",Contact Haley directly at haley@chippinsnacks.com,-1,0,1,1,1,1,0,0,0,0,0,0,0,0,0,0,0,1,0,0,0,0,0,0,0,0,1,0,0,0,0,1,0,1,0,1,1,0,1,1,0,0,0,Pre-Seed,10 ,1,5";;
Ribbon Health,www.ribbonhealth.com,Healthcare,US/New York,At HQ (as listed above),www.ribbonhealth.com/careers,-1,1,0,1,1,1,1,0,0,1,0,0,0,0,0,0,0,0,0,0,0,0,0,0,1,0,0,0,0,0,0,1,0,0,0,0,1,0,0,1,1,0,0,A,10 ,6,10;;
"Carta,https://carta.com/,Other,US/California,""At HQ (as listed above), SF, Palo Alto, NYC, Rio, Seattle, Waterloo"",https://carta.com/careers/,-1,1,0,0,0,1,1,1,1,1,0,1,1,1,0,0,0,0,0,0,0,0,0,0,0,0,0,0,0,0,0,0,0,0,0,0,0,0,0,0,1,1,0,E+,501+ ,-1,20";;
Ripple,ripple.com,-1,US/California,-1,https://ripple.com/company/careers/all-jobs/,-1,0,0,0,0,0,0,0,0,0,0,0,0,0,0,0,0,0,0,0,0,0,0,0,0,0,0,0,0,0,0,0,0,0,0,0,0,0,0,0,0,0,0,-1,-1,-1,20;;
"Game Closure,www.gameclosure.com,Consumer Technology,US/California,""Remote (post COVID-19), At HQ (as listed above), Tokyo, Japan"",https://jobs.lever.co/gameclosure,-1,1,1,1,0,0,1,1,1,1,0,0,0,0,0,0,0,1,0,0,0,0,0,0,0,0,1,1,0,0,0,0,0,0,0,0,0,0,0,0,0,0,0,B,100 ,1,5";;
"metaclinic,www.metaclinic.com,Healthcare,Fully Remote (not only during COVID-19),""Remote (post COVID-19), At HQ (as listed above)"",-1,-1,0,1,1,1,0,0,0,0,0,0,0,0,0,0,0,0,1,1,1,1,0,0,0,0,1,0,1,1,1,0,0,0,1,0,0,1,1,0,0,0,0,0,Seed,10 ,1,5";;
RapidSOS,https://rapidsos.com/,Enterprise Technology,US/New York,At HQ (as listed above),https://rapidsos.com/careers/,-1,1,0,0,1,0,1,1,1,0,0,1,0,0,0,0,0,0,0,0,0,0,0,0,0,0,0,0,0,0,0,0,0,0,0,1,0,1,0,0,0,0,0,B,500 ,6,10;;
"Duco Technology,https://du.co,Enterprise Technology,""United Kingdom, The"",""At HQ (as listed above), (London)"",https://jobs.lever.co/duco/d2e50f5b-5930-4bd1-b5df-082ee193afe3,-1,0,0,0,1,0,0,0,0,0,0,0,0,0,0,0,0,0,0,0,0,0,0,0,0,0,0,0,0,0,0,0,0,0,0,0,0,0,0,0,0,0,0,-1,500 ,1,5";;
Boxbot,https://www.boxbot.io/,-1,US/California,At HQ (as listed above),https://www.boxbot.io/careers,-1,1,0,1,1,0,0,0,1,1,1,0,0,0,0,0,0,0,0,0,0,0,0,0,0,0,1,0,0,0,0,1,0,0,0,0,0,0,0,0,0,0,0,-1,-1,11,20;;
"Helpshift,https://www.helpshift.com/company/careers/,Enterprise Technology,US/California,""Remote (post COVID-19), At HQ (as listed above), Pune, India"",https://jobs.lever.co/helpshift?,-1,0,0,1,1,0,0,0,0,0,0,0,0,0,0,0,0,0,0,0,0,0,0,0,0,1,0,0,0,0,1,0,0,0,1,1,0,0,0,0,0,0,0,C,500 ,6,10";;
Rheaply,rheaply.com,Enterprise Technology,US/Illinois,At HQ (as listed above),https://www.builtinchicago.org/job/engineer/frontend-engineer/98363,-1,1,0,0,0,0,1,1,0,0,0,0,0,0,0,0,0,0,0,0,0,0,0,0,0,0,0,0,0,0,0,0,0,0,0,0,0,0,0,0,0,0,0,-1,10 ,1,5;;
HealthVerity,https://www.healthverity.com,Enterprise Technology,US/Pennsylvania,At HQ (as listed above),https://healthverity.com/careers/opportunities/,-1,1,0,0,1,0,1,1,1,1,0,0,0,0,0,0,0,0,0,0,0,0,0,0,0,0,0,0,0,0,1,0,0,0,0,0,0,0,0,0,0,0,0,C,100 ,-1,20;;
Emotive.io,emotive.io,Enterprise Technology,US/California,At HQ (as listed above),https://emotive.breezy.hr/,-1,1,0,0,1,0,1,1,0,1,0,0,0,0,0,0,0,0,0,0,0,0,0,0,0,0,0,0,0,0,1,0,0,0,0,0,0,0,0,0,0,0,0,A,50 ,1,5;;
SINAI Technologies Inc.,www.sinaitechnologies.com,Enterprise Technology,US/California,At HQ (as listed above),https://angel.co/company/sinai-technologies/jobs/,-1,1,0,0,1,0,0,0,0,1,0,0,0,0,0,0,0,0,0,0,0,0,0,0,0,0,0,0,0,0,0,0,0,0,0,1,0,0,0,0,0,0,0,Seed,10 ,1,5;;
"Armis,Armis,Enterprise Technology,US/California,""At HQ (as listed above), Reston, VA"",https://www.comeet.com/jobs/armis/94.00C,-1,1,0,0,1,1,1,0,0,0,0,0,1,0,0,0,0,0,0,0,0,0,0,0,0,0,0,0,0,1,0,0,0,0,0,0,0,0,0,1,0,0,0,C,500 ,11,20";;
"Zumper,Zumper.com,Consumer Technology,US/California,""Remote (post COVID-19), At HQ (as listed above), Scottsdale, AZ | Providence, RI"",https://jobs.lever.co/zumper,-1,0,1,1,1,1,0,0,0,0,0,0,0,0,0,0,0,1,1,1,1,0,0,0,0,1,0,0,0,0,1,0,1,0,0,0,1,1,0,0,1,0,0,D,500 ,11,20";;
"Mu Sigma,mu-sigma.com,Other,Fully Remote (not only during COVID-19),""Remote (post COVID-19), At HQ (as listed above)"",https://www.mu-sigma.com/contact-us#careers,X,1,1,1,1,1,1,1,1,1,1,0,1,0,0,0,1,1,0,1,1,0,0,0,1,0,1,1,0,1,1,1,1,0,0,0,0,0,1,1,0,0,0,D,501+ ,-1,20";;
Journey Meditation,www.journeymeditation.com,Consumer Technology,US/New York,At HQ (as listed above),https://apply.workable.com/journey-meditation/j/3106584339/,-1,1,0,0,0,1,0,0,0,0,0,0,0,0,0,0,0,0,0,0,0,0,0,0,0,0,0,0,0,0,0,0,0,0,0,0,0,0,0,0,1,0,0,Seed,50 ,1,5;;
Hatch,hatchcard.com,Consumer Technology,US/California,At HQ (as listed above),https://jobs.lever.co/Hatchcard,-1,1,0,0,0,1,1,1,1,1,0,0,0,0,0,0,0,0,0,0,0,0,0,0,0,0,0,0,0,0,0,0,0,0,0,0,0,0,0,1,1,0,0,A,50 ,1,5;;
"H1,H1insights.com,Healthcare,US/New York,""Remote (post COVID-19), At HQ (as listed above)"",https://jobs.lever.co/h1,X,1,0,1,1,0,1,1,1,1,0,0,0,0,0,0,0,0,0,0,0,0,0,0,0,1,0,0,1,1,1,1,1,1,0,0,0,1,0,0,0,0,0,A,50 ,6,10";;
"Better Mortgage,better.com,Consumer Technology,US/New York,""Remote (post COVID-19), At HQ (as listed above), Charlotte, NC"; Oakland, CA;" Irvine, CA"",https://boards.greenhouse.io/better#.WSb_UBMrI6g,-1,1,1,1,1,1,1,1,0,0,0,1,1,0,0,0,0,1,1,1,0,1,1,1,1,1,1,1,1,1,0,1,1,1,1,1,1,1,1,1,1,0,0,C,501+ ,-1,20"
"Remind,www.remind.com,Enterprise Technology,US/California,""Remote (post COVID-19), At HQ (as listed above)"",https://www.remind.com/about/#careers,X,1,1,1,1,0,1,1,1,1,1,0,0,0,0,0,0,1,1,0,0,1,0,0,0,1,0,0,0,0,0,0,0,0,0,1,0,1,0,0,0,0,0,-1,500 ,11,20";;
"Nightfall AI,www.nightfall.ai,-1,US/California,""Remote (post COVID-19), At HQ (as listed above)"",www.nightfall.ai/careers,-1,1,0,1,1,1,1,1,1,1,0,0,1,0,0,0,0,0,0,0,0,0,0,0,1,0,0,0,0,1,1,0,0,0,1,1,1,0,0,0,1,0,0,-1,-1,-1,20";;
"Ethos,https://www.ethoslife.com/,Consumer Technology,US/California,""At HQ (as listed above), Austin and Singapore"",https://www.ethoslife.com/careers/,-1,1,0,0,0,1,1,1,1,1,0,1,1,1,0,0,0,0,0,0,0,0,0,0,0,0,0,0,0,0,0,0,0,0,0,0,0,0,1,1,1,0,0,C,500 ,11,20";;
"Acoustic Wells,acoustic-wells.com,Enterprise Technology,US/Massachusetts,""Remote (post COVID-19), At HQ (as listed above)"",-1,X,1,1,0,0,1,1,1,0,0,0,0,0,0,1,0,1,1,0,0,0,0,0,0,0,0,0,0,0,0,0,0,0,0,0,0,0,0,0,1,0,0,0,Seed,10 ,1,5";;
"Miro,miro.com/careers,Enterprise Technology,US/California,""At HQ (as listed above), San Francisco, Los Angeles and Austin"",miro.com/careers,-1,0,0,1,1,1,0,0,0,0,0,0,0,0,0,0,0,0,0,0,0,1,0,0,1,0,1,0,1,1,1,0,1,1,0,0,1,1,1,0,1,0,0,A,500 ,-1,20";;
"Alto Pharmacy,Alto.com,Healthcare,US/California,""San Francisco, Denver, and more"",alto.com/careers,-1,1,0,1,1,1,1,1,1,1,0,0,0,0,0,0,0,0,0,0,0,1,1,0,1,1,1,0,0,1,0,0,0,0,0,0,0,0,1,0,1,0,0,D,500 ,-1,20";;
"Zumper,www.Zumper.com,Consumer Technology,US/California,""Remote (post COVID-19), At HQ (as listed above), Scottsdale, AZ | Minneapolis, MN | Cincinatti, OH | Columbus, OH | Portland, OR | Philadelphia, PA | Madison, WI | Milwaukee, WI | Dallas, TX"",https://jobs.lever.co/zumper,-1,0,1,0,1,1,0,0,0,0,0,0,0,0,0,0,0,1,0,1,1,0,0,0,0,0,0,0,0,0,1,0,0,0,0,0,1,1,0,0,1,0,0,D,500 ,11,20";;
"SimonData,https://www.simondata.com,Enterprise Technology,US/New York,""Remote (post COVID-19), At HQ (as listed above)"",https://www.simondata.com/careers/job-openings/,-1,1,1,0,1,1,0,0,0,1,0,0,0,0,0,0,0,1,0,0,0,0,0,0,0,0,0,0,0,0,0,0,1,1,0,0,0,1,1,0,0,0,0,-1,100 ,11,20";;
Wishi,https://www.wishi.me/,Consumer Technology,US/New York,At HQ (as listed above),Growth manager,-1,0,0,0,1,0,0,0,0,0,0,0,0,0,0,0,0,0,0,0,0,0,0,0,0,0,0,0,0,0,0,0,0,0,0,0,1,0,0,0,0,0,0,A,50 ,1,5;;
Good Money,https://goodmoney.com/,Consumer Technology,Fully Remote (not only during COVID-19),Remote (post COVID-19),https://boards.greenhouse.io/goodmoney,-1,1,0,0,1,1,1,1,1,0,1,1,0,0,0,0,0,0,0,0,0,0,0,0,0,0,0,0,0,0,0,0,0,0,0,0,0,0,0,1,0,0,0,A,50 ,1,5;;
Cambium Carbon,https://www.cambiumcarbon.com/,Other,US/Connecticut,Remote (post COVID-19),https://www.cambiumcarbon.com/apply,X,1,1,0,1,0,1,1,1,0,0,0,0,0,0,0,0,0,1,0,1,0,0,0,0,0,0,0,0,1,0,0,0,0,0,1,1,0,0,0,0,0,0,Pre-Seed,10 ,1,5;;
Renzoe Box,https://www.renzoebox.com,Other,US/Texas,Remote (post COVID-19),https://docs.google.com/forms/d/1oLu-MLioiqYvaE9QvCkfjWac4-KYW2hEMz-rQjr00ro/edit,X,1,1,1,1,0,0,1,0,0,0,0,0,0,0,0,0,1,0,0,0,0,0,0,1,0,0,0,0,1,0,0,0,0,0,0,0,1,0,0,0,0,0,Pre-Seed,10 ,-1,20;;
"Datacubes,www.datacubes.com,Enterprise Technology,US/Illinois,""Remote (post COVID-19), At HQ (as listed above)"",https://datacubes.bamboohr.com/jobs,-1,1,0,0,0,1,1,0,0,0,0,0,1,0,0,0,0,0,0,0,0,0,0,0,0,0,0,0,0,0,0,0,0,0,0,0,0,0,0,1,0,0,0,-1,100 ,1,5";;
"Newchip Accelerator,Https://launch.newchip.com,Other,US/Texas,""Remote (post COVID-19), At HQ (as listed above)"",https://newchip.workable.com/,X,0,1,1,1,1,0,0,0,0,0,0,0,0,0,0,0,1,1,1,1,1,1,1,1,1,1,1,1,1,1,1,1,1,1,1,1,1,1,1,1,1,0,A,50 ,11,20";;
"Vineti,www.vineti.com,Enterprise Technology,US/California,""Remote (post COVID-19), At HQ (as listed above)"",https://vineti.com/careers/jobopenings,-1,1,1,1,1,1,1,0,0,1,0,1,1,1,0,0,0,1,0,0,0,0,0,0,1,0,0,0,1,0,0,0,0,0,0,0,0,0,0,0,1,1,0,C,500 ,-1,20";;
Pullover Technologies,pullover.tech,Consumer Technology,Malaysia,Remote (post COVID-19),mailto:kj@pullover.tech,X,1,1,0,0,0,1,1,1,0,1,0,0,1,0,0,0,1,0,0,0,0,0,0,0,0,0,0,0,0,0,0,0,0,0,0,0,0,0,0,0,0,0,Pre-Seed,10 ,1,5;;
"Sqreen,www.sqreen.com,Enterprise Technology,US/California,""San Francisco, CA and Paris, France as well as remote EU"",https://www.sqreen.com/company#jobs,-1,1,0,0,1,0,0,0,1,1,0,0,1,0,0,0,0,0,0,0,0,0,0,0,0,0,0,0,0,1,1,0,0,0,1,0,0,0,0,0,0,0,0,A,100 ,6,10";;
"Newsela (potentially frozen),Newsela,Enterprise Technology,US/New York,""Remote (post COVID-19), At HQ (as listed above)"",https://newsela.com/about/company/careers/,-1,0,1,0,1,1,0,0,0,0,0,0,0,0,0,0,0,1,0,1,0,0,0,0,0,0,0,0,1,1,1,0,0,1,0,1,0,0,0,1,0,1,0,C,500 ,-1,20";;
"Plaid,plaid.com,Consumer Technology,US/California,""Remote (post COVID-19), At HQ (as listed above), New York, Salt Lake City, London, Amsterdam"",https://plaid.com/careers/,-1,1,1,1,1,1,1,1,1,1,0,0,1,0,0,0,0,0,0,0,0,1,1,0,0,1,0,0,0,0,1,0,0,0,0,1,1,0,0,0,1,0,0,C,500 ,-1,20";;
Jupiter,https://jupiter.co/,Consumer Technology,US/California,At HQ (as listed above),careers@jupiter.co,-1,1,0,0,0,0,0,0,0,1,0,0,0,0,0,0,0,0,0,0,0,0,0,0,0,0,0,0,0,0,0,0,0,0,0,0,0,0,0,0,0,0,0,Seed,10 ,1,5;;
"States Title,https://www.statestitle.com/,Other,US/California,""Remote (post COVID-19), At HQ (as listed above), Irvine, CA and San Francisco, CA"",https://www.statestitle.com/team-careers/,-1,1,1,1,0,1,0,0,0,1,0,0,1,0,0,0,0,0,0,1,0,1,1,0,0,0,0,0,0,0,0,0,0,0,0,0,0,0,0,1,0,0,0,B,501+ ,-1,20";;
"Codi,https://www.codiwork.com/,Consumer Technology,US/California,""Remote (post COVID-19), At HQ (as listed above)"",https://angel.co/company/codiwork/jobs/764407-product-designer-ui-ux,-1,0,1,0,0,0,0,0,0,0,0,0,0,0,0,0,0,1,0,0,0,0,0,0,0,0,0,0,0,0,0,0,0,0,0,0,0,0,0,0,0,0,0,Seed,10 ,1,5";;
Rebellion Defense,www.Rebelliondefense.com,Other,US/Washington,At HQ (as listed above),https://jobs.lever.co/rebelliondefense,-1,1,0,1,1,0,1,1,1,0,0,0,1,0,0,0,1,0,0,0,0,1,0,0,0,0,0,0,0,1,0,0,0,0,0,0,0,0,0,0,0,0,0,A,100 ,-1,20;;
Mux,https://mux.com,-1,-1,-1,https://mux.com/jobs/,-1,1,1,0,0,0,1,1,1,1,0,0,0,0,0,0,1,0,0,0,0,0,0,0,0,0,0,0,0,0,0,0,0,0,0,0,0,0,0,0,0,0,0,-1,50 ,-1,20;;
Zelos.gg,https://zelos.gg/,Consumer Technology,US/California,At HQ (as listed above),Frontend JD: https://www.notion.so/zelosgg/Frontend-Engineer-d859cc2f87c74496a8972f43384c337f Designer JD: https://www.notion.so/zelosgg/Designer-299dee31e15444328948dbfcda0b9d80,-1,1,1,0,0,0,0,1,0,0,0,0,0,0,0,0,0,1,0,0,0,0,0,0,0,0,0,0,0,0,0,0,0,0,0,0,0,0,0,0,0,0,0,Seed,10 ,1,5;;
Crunchbase,https://about.crunchbase.com/about-us/careers/,Consumer Technology,US/California,At HQ (as listed above),https://about.crunchbase.com/about-us/careers/,-1,1,0,0,0,0,0,0,0,0,0,0,0,0,0,0,0,0,0,0,0,0,0,0,0,0,0,0,0,0,0,0,0,0,0,0,0,0,0,0,0,0,0,C,500 ,-1,20;;
JetFuel,https://jetfuel.it/careers,Consumer Technology,US/California,At HQ (as listed above),https://jetfuel.it/careers,-1,1,1,0,0,1,1,0,0,1,1,0,1,0,0,0,0,1,0,0,0,0,0,0,0,0,0,0,0,0,0,0,0,0,0,0,0,0,0,0,1,0,0,Seed,10 ,1,5;;
"Bright Cellars,www.brightcellars.com,Consumer Technology,US/Wisconsin,""Remote (post COVID-19), At HQ (as listed above)"",http://www.newaukee.com/nkes-job-board/,-1,1,1,1,0,0,1,0,0,0,0,0,0,0,0,0,0,1,0,0,0,1,0,0,0,0,0,0,0,0,0,0,0,0,0,0,0,0,0,0,0,0,0,A,100 ,1,5";;
Armada Biosystems,http://armada.bio/,Other,US/California,At HQ (as listed above),jobs@armada.bio,-1,0,0,0,0,0,0,0,0,0,0,0,0,0,0,0,0,0,0,0,0,0,0,0,0,0,0,0,0,0,0,0,0,0,0,0,0,0,0,0,0,0,0,Seed,10 ,1,5;;
"Journey Builders, Inc,https://www.journey.builders/,Enterprise Technology,US/California,""At HQ (as listed above), San Jose, CA"",-1,-1,0,0,0,0,1,0,0,0,0,0,0,0,0,0,0,0,0,0,0,0,0,0,0,0,0,0,0,0,0,0,0,0,0,0,0,0,0,0,0,1,0,0,Seed,10 ,1,5";;
"Volley,https://volleythat.com/,Consumer Technology,US/California,""At HQ (as listed above), San Francisco"",-1,-1,1,1,0,0,0,0,0,1,1,0,0,0,0,0,0,0,0,0,0,0,0,0,0,0,0,0,0,0,0,0,0,0,0,0,0,0,0,0,0,0,0,0,Seed,10 ,1,5";;
"Hexawise,hexawise.com,Enterprise Technology,US/North Carolina,""Remote (post COVID-19), At HQ (as listed above), We are also looking for a senior Customer Success Manager based in India"",https://hexawise.com/careers#marketing-lead,X,0,0,0,1,0,0,0,0,0,0,0,0,0,0,0,0,0,0,0,0,0,0,0,0,0,0,0,0,0,0,0,1,0,0,1,0,1,0,0,0,0,0,A,50 ,1,5";;
Intertwined Entertainment,intertwinedent.com,Enterprise Technology,US/Michigan,Remote (post COVID-19),https://www.intertwinedent.com/pages/multimedia-production-company-recording-studio-detroit-mi,X,1,1,1,1,1,1,0,0,0,0,0,0,0,0,0,0,1,1,1,1,1,1,1,1,1,1,1,1,1,1,1,1,1,1,1,1,1,1,1,1,1,1,C,50 ,11,20;;
Antler,www.antler.co,Other,Singapore,-1,https://www.antler.co/apply,-1,1,1,1,1,1,1,1,1,1,1,1,1,1,1,1,1,1,1,1,1,0,1,0,1,1,1,0,0,0,0,1,0,0,0,1,1,0,0,1,1,0,0,-1,-1,-1,20;;
BrightHire,www.brighthire.ai,Enterprise Technology,US/New York,At HQ (as listed above),https://angel.co/company/brighthire/jobs/732135-full-stack-engineer,-1,1,0,0,0,0,0,0,0,1,0,0,0,0,0,0,0,0,0,0,0,0,0,0,0,0,0,0,0,0,0,0,0,0,0,0,0,0,0,0,0,0,0,Seed,10 ,1,5;;
WellNested,www.bewellnested.com,-1,US/Massachusetts,At HQ (as listed above),https://angel.co/company/wellnested/jobs/756532-first-engineering-hire-for-early-stage-mit-startup-in-boston,-1,1,0,0,0,0,1,0,0,1,0,0,0,0,0,0,0,0,0,0,0,0,0,0,0,0,0,0,0,0,0,0,0,0,0,0,0,0,0,0,0,0,0,Pre-Seed,10 ,1,5;;
"Spot,spot.io,Enterprise Technology,US/California,""At HQ (as listed above), New York, Washington DC, London, Tel Aviv"",https://spot.io/careers/,-1,1,1,1,1,1,1,1,1,1,0,0,1,0,0,0,0,1,0,0,0,1,0,1,0,0,0,0,0,1,1,0,1,0,1,1,1,1,1,1,1,0,0,B,500 ,-1,20";;
"Rosebud AI,Www.rosebud.ai,Enterprise Technology,US/California,""Remote (post COVID-19), At HQ (as listed above)"",http://blog.rosebud.ai/hiring/,X,1,1,0,1,0,1,0,0,0,0,0,0,0,0,0,0,1,0,0,0,0,0,0,0,0,0,0,1,0,0,0,0,0,0,0,0,0,0,0,0,0,0,Seed,10 ,1,5";;
"Ahead,www.helloahead.com,Healthcare,US/California,""At HQ (as listed above), SF, LA, San Diego, New York City"",https://jobs.lever.co/helloahead/,-1,1,1,1,0,0,0,1,0,1,1,1,1,0,0,0,0,1,0,0,0,0,1,0,1,1,1,0,0,0,0,0,0,0,0,0,0,0,0,0,0,0,0,A,50 ,11,20";;
"Confluent,confluent.io,Enterprise Technology,US/California,""Remote (post COVID-19), At HQ (as listed above)"",confluent.io/careers,-1,1,1,1,1,1,1,1,1,0,0,1,1,0,0,0,0,1,0,0,0,1,1,0,0,1,0,0,0,1,1,0,1,1,1,1,1,1,0,1,1,0,1,D,501+ ,-1,20";;
"Strivr,https://www.strivr.com/,Enterprise Technology,US/California,""At HQ (as listed above), Bellevue, WA and Los Angeles, CA"",https://www.strivr.com/company/careers/,-1,1,1,1,1,1,1,1,1,1,0,0,0,0,0,0,0,0,0,0,0,1,0,0,0,0,0,0,0,0,0,0,0,0,0,0,0,1,0,1,1,0,0,B,500 ,11,20";;
"The Zebra,thezebra.com,Consumer Technology,US/Texas,""At HQ (as listed above), Austin, Texas"",https://www.thezebra.com/about/careers/,-1,1,1,0,0,0,1,1,1,1,0,1,1,1,0,0,0,0,0,1,1,0,0,0,0,0,0,0,0,0,0,0,0,0,0,0,0,0,0,0,0,0,0,C,500 ,6,10";;
Unlearn.AI,unlearn.health,Healthcare,US/California,At HQ (as listed above),https://www.unlearn.health/jobs,-1,1,0,0,1,1,1,0,0,0,0,0,0,0,0,0,0,0,0,0,0,0,0,0,0,0,0,0,0,0,0,0,0,0,0,1,0,0,0,1,1,0,0,A,50 ,1,5;;
SentiLink Corp.,sentilink.com,Enterprise Technology,US/California,At HQ (as listed above),https://jobs.lever.co/sentilink,-1,1,0,0,0,1,0,0,0,0,0,0,0,0,0,0,0,0,0,0,0,0,0,0,0,0,0,0,0,0,0,0,0,0,0,0,0,0,0,1,1,0,0,A,50 ,1,5;;
Benchling,benchling.com,Enterprise Technology,US/California,At HQ (as listed above),benchling.com/careers,-1,1,1,1,1,1,1,0,1,1,0,0,1,0,0,0,0,1,0,0,0,1,0,0,1,0,0,0,0,1,1,0,0,0,0,0,0,0,0,0,1,0,0,C,500 ,-1,20;;
"Blend,https://blend.com,Enterprise Technology,US/California,""At HQ (as listed above), NY, and others based on role"",https://blend.com/company/careers/,-1,1,1,1,1,1,1,1,1,1,0,0,0,0,0,0,0,1,0,0,0,0,1,0,1,0,0,0,0,0,1,0,0,0,1,0,0,1,0,0,0,0,1,E+,500 ,-1,20";;
"Zinier,www.zinier.com,Enterprise Technology,US/California,""Remote (post COVID-19), At HQ (as listed above), Global"",https://www.zinier.com/company/careers/,-1,1,1,0,1,0,1,1,0,0,1,1,1,1,0,0,0,1,0,0,0,0,0,0,0,0,0,0,0,0,0,0,0,0,0,0,0,0,0,0,0,0,0,C,500 ,-1,20";;
SunStyles by SnappyScreen,https://www.sunstyles.shop/,-1,Fully Remote (not only during COVID-19),Remote (post COVID-19),https://www.sunstyles.shop/apply,X,0,0,0,1,0,0,0,0,0,0,0,0,0,0,0,0,0,0,0,0,0,0,0,0,0,0,0,0,1,0,0,0,1,1,1,0,0,0,0,0,0,0,-1,10 ,6,10;;
Lob,lob.com,Enterprise Technology,US/California,At HQ (as listed above),https://lob.com/careers,-1,1,1,0,0,1,1,0,0,1,0,0,0,0,0,0,0,1,0,0,0,0,0,0,0,0,0,0,0,0,0,0,0,0,0,0,0,0,0,0,1,0,0,B,100 ,11,20;;
"DoubleVerify,doubleverify.com,Other,US/New York,""At HQ (as listed above), Tokyo, Japan | Dsseldorf, Germany | Mexico City, Mexico | Los Angeles, CA | Singapore | London | Chicago, IL | New York, NY | Tel Aviv, Israel | Ghent, Belgium | Paris, France | San Francisco, CA | Los Angeles | Tel Aviv"",https://grnh.se/cd7d4c5e2 | https://grnh.se/9972ff002,-1,1,0,1,1,1,1,0,1,1,0,0,1,1,0,0,1,0,0,0,0,1,1,0,1,1,1,0,1,1,1,1,1,1,1,1,0,1,0,1,1,1,0,D,501+ ,-1,20";;
"Tot Squad,https://totsquad.com,Consumer Technology,US/California,""Remote (post COVID-19), At HQ (as listed above)"",https://forms.gle/XNJsxJcyqq7eaZvp7,X,0,1,1,1,1,0,0,0,0,0,0,0,0,0,0,0,1,0,0,0,0,0,0,0,0,1,0,0,0,0,0,0,0,0,1,1,0,0,0,1,0,0,Seed,10 ,1,5";;
Instantish,itsinstantish.com,Enterprise Technology,US/California,Remote (post COVID-19),https://angel.co/company/instantish/jobs,-1,1,1,0,0,0,1,0,0,0,0,0,0,0,0,0,0,0,0,0,0,0,0,0,0,0,0,0,0,0,0,0,0,0,0,0,0,0,0,0,0,0,0,Pre-Seed,10 ,1,5;;
"H.V.M.N.,hvmn.com,Consumer Technology,US/California,""Remote (post COVID-19), At HQ (as listed above)"",https://go.hvmn.com/DigitalMarketingDirector,X,0,0,0,1,0,0,0,0,0,0,0,0,0,0,0,0,0,0,0,0,0,0,0,0,0,0,0,0,0,0,0,0,0,1,1,1,0,0,0,0,0,0,Seed,50 ,1,5";;
"Labelbox,https://labelbox.com/,Enterprise Technology,US/California,""Remote (post COVID-19), At HQ (as listed above)"",https://labelbox.com/company/careers,-1,1,0,0,0,0,0,0,1,0,0,0,0,0,0,0,0,0,0,0,0,0,0,0,0,0,0,0,0,0,0,0,0,0,0,0,0,0,0,0,0,0,0,B,100 ,1,5";;
Back,https://www.backhq.com,Enterprise Technology,Germany,At HQ (as listed above),https://www.notion.so/Working-at-Back-f23a617a97a24b83a6e85e826f475615,-1,1,0,0,1,0,0,0,1,0,0,0,0,0,0,0,0,0,0,0,0,0,0,0,0,0,0,0,0,0,0,0,0,0,0,1,0,0,0,0,0,0,0,Seed,50 ,1,5;;
"Datadog,https://www.datadog.com,Enterprise Technology,US/New York,""Remote (post COVID-19), At HQ (as listed above), Paris, Boston, Dublin, Denver"",https://www.datadog.com/careers,-1,1,1,1,1,1,1,1,1,1,0,0,1,1,0,0,1,0,0,0,0,1,1,0,0,0,0,1,1,1,1,1,1,1,1,1,0,1,1,1,1,0,0,E+,501+ ,-1,20";;
Stash Wealth,www.stashwealth.com,Consumer Technology,US/North Carolina,At HQ (as listed above),https://www.stashwealth.com/contact-careers/#careers,-1,0,0,1,1,0,0,0,0,0,0,0,0,0,0,0,0,0,0,0,0,0,0,0,0,0,0,0,0,0,0,0,0,0,0,1,0,0,0,0,0,0,0,Pre-Seed,10 ,1,5;;
Total Expert,https://totalexpert.com/,Other,US/Minnesota,At HQ (as listed above),https://totalexpert.com/careers/,-1,1,0,0,1,1,1,1,1,1,0,1,0,0,0,0,0,0,0,0,0,0,0,0,0,0,0,0,0,0,0,1,1,1,0,0,0,1,0,0,0,1,0,C,500 ,6,10;;
"The Spike Lab,https://thespikelab.com/,Other,US/New York,""Taipei, Taiwan"",https://docs.google.com/document/d/1URwVj8-4aYPbfQ5Bjwml8fRq2ST6E4eX8l-X2PZlbl0/edit,-1,0,0,0,1,0,0,0,0,0,0,0,0,0,0,0,0,0,0,0,0,0,0,0,0,0,0,0,1,1,1,0,0,0,1,0,1,1,0,0,0,0,0,Seed,10 ,1,5";;
"Parallel Domain,www.paralleldomain.com,Enterprise Technology,US/California,""Vancouver, BC, Canada"",https://jobs.lever.co/paralleldomain,-1,1,0,0,0,0,1,0,1,0,0,1,1,0,0,0,0,0,0,0,0,0,0,0,0,0,0,0,0,0,0,0,0,0,0,0,0,0,0,0,0,0,0,Seed,50 ,1,5";;
"CredSimple,https://www.credsimple.com/,Healthcare,US/New York,""Remote (post COVID-19), At HQ (as listed above), Columbia, MD"",https://www.credsimple.com/careers/,X,1,0,1,1,1,1,0,0,0,0,0,0,0,0,0,0,0,0,0,0,0,1,0,0,0,0,0,0,1,1,0,0,0,0,0,0,0,0,0,1,0,0,B,100 ,6,10";;
"Choco,https://www.choco.com/,Consumer Technology,Germany,""Barcelona, Berlin, Chicago, Madrid, New York, Paris, San Francisco"",https://www.choco.com/jobs#openpositions,X,0,1,0,1,0,0,0,0,0,0,0,0,0,0,0,0,1,0,1,0,0,0,0,0,0,0,0,1,1,1,1,1,1,1,0,0,0,0,0,0,0,0,A,500 ,6,10";;
"Gemini,https://gemini.com/,-1,US/New York,""At HQ (as listed above), Portland Oregon & Chicago IL"",https://gemini.com/careers,-1,1,0,0,1,1,1,1,1,0,0,1,1,0,0,0,0,0,0,0,0,0,0,0,0,0,0,0,0,0,0,0,0,0,0,0,0,1,0,1,1,0,0,-1,500 ,11,20";;
Step,www.step.com,Consumer Technology,US/California,At HQ (as listed above),https://step.com/careers,-1,1,1,1,0,1,1,1,1,1,1,1,1,0,0,0,0,1,1,1,0,0,0,0,0,1,0,0,0,0,0,0,0,0,0,0,0,0,0,1,0,0,0,A,50 ,11,20;;
"Relyance Inc.,https://relyance.io,Enterprise Technology,US/California,""Remote (post COVID-19), At HQ (as listed above)"",https://relyance.io/careers,-1,1,1,0,0,0,1,1,1,0,0,0,0,1,0,0,0,1,0,1,0,0,0,0,0,0,0,0,0,0,0,0,0,0,0,0,0,0,0,0,0,0,0,Seed,10 ,1,5";;
"CoderPad,coderpad.io,Enterprise Technology,US/California,""Remote (post COVID-19), At HQ (as listed above)"",https://coderpad.io/about-us,-1,1,0,1,1,0,1,1,0,0,0,0,0,0,0,0,0,0,0,0,0,1,0,0,0,0,0,0,0,0,0,0,0,0,0,0,0,1,0,0,0,0,0,B,50 ,1,5";;
Zocdoc,www.zocdoc.com,Healthcare,US/New York,At HQ (as listed above),https://www.zocdoc.com/about/careers-list/,-1,1,1,1,1,1,1,0,0,1,1,0,0,0,0,0,1,0,0,0,0,0,0,0,0,1,0,0,0,1,0,1,0,0,0,0,0,0,1,0,1,0,0,D,500 ,-1,20;;
Animoto,https://animoto.com/,Consumer Technology,US/New York,At HQ (as listed above),https://jobs.lever.co/animoto,-1,0,1,0,1,1,0,0,0,0,0,0,0,0,0,0,0,1,0,0,0,0,0,0,0,0,0,0,0,0,0,0,0,0,0,0,0,0,0,0,1,0,0,-1,100 ,1,5;;
Anyscale,http://anyscale.com/,Enterprise Technology,US/California,At HQ (as listed above),https://jobs.lever.co/anyscale,-1,1,1,0,0,1,1,1,1,1,0,0,0,0,0,0,0,1,0,1,1,0,0,0,0,0,0,0,0,0,0,0,0,0,0,0,0,0,0,0,1,0,0,A,50 ,6,10;;
YipitData,https://www.yipitdata.com/,Consumer Technology,US/New York,At HQ (as listed above),https://www.yipitdata.com/careers,-1,0,0,0,1,1,0,0,0,0,0,0,0,0,0,0,0,0,0,0,0,0,0,0,0,0,0,0,1,1,1,1,1,1,0,0,0,0,1,0,0,0,0,C,500 ,11,20;;
Sparrow,trysparrow.com,Enterprise Technology,US/California,At HQ (as listed above),https://jobs.lever.co/sparrow,-1,1,0,1,1,0,1,1,1,1,0,0,0,0,0,0,0,0,0,0,0,0,0,0,0,1,1,0,0,0,1,0,0,0,0,0,0,0,0,0,0,0,0,Pre-Seed,50 ,6,10;;
Sensor Tower,https://sensortower.com/,Enterprise Technology,US/California,You will be on-site in San Francisco or remote within California.,https://sensortower.com/careers,-1,1,0,0,1,1,1,1,1,1,0,1,1,0,0,0,0,0,0,0,0,0,0,0,0,0,0,0,1,1,1,1,0,0,0,0,0,1,0,1,1,0,0,-1,100 ,-1,20;;
Project Ronin,https://www.projectronin.com/,Healthcare,US/California,At HQ (as listed above),https://jobs.lever.co/projectronin,-1,1,0,0,0,0,1,1,1,1,1,0,1,0,0,0,0,0,0,0,0,0,0,0,0,0,0,0,0,0,0,0,0,0,0,0,0,0,0,0,0,0,0,B,100 ,6,10;;
"Pathstream,https://www.pathstream.com/,Consumer Technology,US/California,""Remote (post COVID-19), At HQ (as listed above)"",https://www.pathstream.com/careers/,-1,1,1,1,1,0,1,1,1,1,0,0,0,0,0,0,0,0,0,0,0,1,0,0,0,0,0,0,0,0,0,1,0,1,1,1,1,0,0,0,0,0,0,A,50 ,6,10";;
"Kanopy,kanopy.com,Consumer Technology,US/California,""Remote (post COVID-19), At HQ (as listed above)"",https://www.linkedin.com/jobs/view/1815335123/,-1,1,0,0,1,1,0,1,1,0,0,0,0,0,0,0,0,0,0,0,0,0,0,0,0,0,0,0,0,1,1,0,1,1,0,0,0,0,0,0,1,0,0,-1,100 ,1,5";;
"Parity Technologies,https://www.parity.io/,Other,Germany,""Remote (post COVID-19), At HQ (as listed above)"",https://www.parity.io/jobs/,-1,1,0,1,0,0,1,0,0,0,0,0,1,0,0,0,1,0,0,0,0,0,1,0,1,0,0,0,0,0,0,0,0,0,0,0,0,0,0,0,0,0,0,Seed,100 ,6,10";;
"Triplebyte.com,www.triplebyte.com,Enterprise Technology,US/California,""Remote (post COVID-19), At HQ (as listed above)"",https://triplebyte.com/company/public/triplebyte?ref=jb_startupshiring,-1,1,0,0,0,0,1,1,1,1,1,0,1,0,0,0,0,0,0,0,0,0,0,0,0,0,0,0,0,0,0,0,0,0,0,0,0,0,0,0,0,0,0,B,100 ,6,10";;
"Braid Health,www.braid.health,Healthcare,US/California,""Remote (post COVID-19), At HQ (as listed above)"",https://braid.applytojob.com/apply,-1,1,0,0,0,0,0,1,1,1,0,0,0,0,0,0,0,0,0,0,0,0,0,0,0,0,0,0,0,0,0,0,0,0,0,0,0,0,0,0,0,0,0,A,50 ,1,5";;
"Lightstep,https://lightstep.com/,Enterprise Technology,US/California,""Remote (post COVID-19), At HQ (as listed above)"",https://lightstep.com/about/careers/,-1,1,0,0,1,1,0,0,0,0,0,0,0,0,0,0,0,0,0,0,0,0,0,0,0,0,0,0,0,1,1,0,0,0,0,0,0,1,0,0,1,0,0,C,500 ,-1,20";;
"Fama,www.fama.io,Enterprise Technology,US/California,""Los Angeles, remote is possible"",https://angel.co/company/fama/jobs,-1,1,0,0,0,0,1,1,1,1,0,0,0,0,0,0,0,0,0,0,0,0,0,0,0,0,0,0,0,0,0,0,0,0,0,0,0,0,0,0,0,0,0,B,50 ,1,5";;
Octane AI,https://www.octaneai.com,Enterprise Technology,Fully Remote (not only during COVID-19),Remote (post COVID-19),https://jobs.lever.co/octane,-1,0,1,0,1,0,0,0,0,0,0,0,0,0,0,0,0,1,0,0,0,0,0,0,0,0,0,0,0,0,0,0,0,0,1,0,0,0,0,0,0,0,0,Seed,50 ,1,5;;
Wpromote,www.wpromote.com,Other,US/California,At HQ (as listed above),https://www.wpromote.com/contact/careers,-1,1,0,0,0,0,1,0,0,0,0,0,0,0,0,0,0,0,0,0,0,0,0,0,0,0,0,0,0,0,0,0,0,0,0,0,0,0,0,0,0,0,0,-1,501+ ,1,5;;
Jyve,https://jyve.com/,Enterprise Technology,US/California,At HQ (as listed above),https://www.jyve.com/careers#openings-link,-1,1,1,0,1,1,0,0,0,0,1,0,0,0,0,0,0,1,0,0,0,0,0,0,0,0,0,0,0,0,0,0,0,0,0,0,0,0,0,1,0,0,1,A,500 ,1,5;;
0x,0x.org,Other,US/California,At HQ (as listed above),https://0x.org/jobs,-1,1,0,1,0,0,1,0,0,0,0,0,0,0,0,0,0,0,0,0,0,1,0,0,0,0,0,0,0,0,0,0,0,0,0,0,0,0,0,0,0,0,0,-1,50 ,1,5;;
"Lambda Labs,lambdalabs.com,Enterprise Technology,US/California,""Remote (post COVID-19), At HQ (as listed above)"",https://lambdalabs.com/careers,-1,1,1,0,1,0,1,0,1,1,0,0,0,1,0,0,0,0,0,1,0,0,0,0,0,0,0,0,0,0,1,0,0,0,0,0,0,0,0,0,0,0,0,Seed,50 ,1,5";;
"Care Access Research,www.careaccessresearch.com,Healthcare,US/Massachusetts,""Remote (post COVID-19), At HQ (as listed above), Continental US"",-1,-1,0,1,1,1,0,0,0,0,0,0,0,0,0,0,0,0,0,0,0,0,1,1,0,0,0,1,0,0,1,0,0,0,0,1,0,0,0,0,0,0,0,0,Pre-Seed,50 ,-1,20";;
"Reify Health,www.reifyhealth.com,Healthcare,US/Massachusetts,""Remote (post COVID-19), At HQ (as listed above), EU, APAC"",https://www.reifyhealth.com/careers/#open-positions,-1,1,1,1,1,1,0,0,0,0,0,0,1,0,0,0,0,1,0,0,0,0,0,0,0,1,0,0,1,0,0,0,0,0,0,0,0,1,0,1,0,0,0,B,100 ,-1,20";;
"Vidado,vidado.ai,Enterprise Technology,US/California,""Remote (post COVID-19), At HQ (as listed above)"",https://vidado.ai/jobs/,-1,1,0,1,0,1,0,0,0,1,0,0,0,0,0,0,0,0,0,0,0,0,0,0,0,0,0,0,0,0,0,0,0,0,0,0,0,0,0,0,1,1,0,E+,50 ,6,10";;
OneSignal,https://onesignal.com,Enterprise Technology,US/California,At HQ (as listed above),https://onesignal.com/careers,-1,1,0,1,1,0,1,1,1,1,1,0,1,1,0,0,1,0,0,0,0,1,0,0,1,0,0,0,0,0,0,0,0,0,1,0,1,0,0,0,0,0,0,B,100 ,6,10;;
DISQO,DISQO.com,Enterprise Technology,US/California,At HQ (as listed above),https://www.disqo.com/company/careers/#open-positions,-1,1,1,1,1,1,1,0,1,0,0,0,1,0,0,0,0,0,0,1,0,0,1,0,0,0,0,0,0,0,0,1,0,0,0,0,1,0,0,0,1,0,0,A,500 ,11,20;;
Vouch,https://www.vouch.us/,Other,US/California,-1,https://www.vouch.us/careers,-1,0,0,0,0,0,0,0,0,0,0,0,0,0,0,0,0,0,0,0,0,0,0,0,0,0,0,0,0,0,0,0,0,0,0,0,0,0,0,0,0,0,0,B,50 ,6,10;;
"Segment,segment.com,-1,US/California,""At HQ (as listed above), SF, NY, Denver, Vancouver, London, Sydney, Dublin"",https://segment.com/jobs/,-1,1,0,1,0,0,1,0,1,1,0,0,0,0,0,0,0,0,0,0,0,1,1,0,0,0,0,0,0,0,0,0,0,0,0,0,0,0,0,0,0,0,0,D,501+ ,-1,20";;
Discord,www.discordapp.com,Consumer Technology,US/California,At HQ (as listed above),www.discordapp.com/jobs,-1,1,0,1,0,1,1,1,1,1,1,0,1,0,0,0,0,0,0,0,0,1,1,1,0,1,0,0,0,0,0,0,0,0,0,0,0,0,0,1,1,1,0,E+,500 ,-1,20;;
Modern Fertility,modernfertility.com,Healthcare,US/California,At HQ (as listed above),https://modernfertility.com/careers/,-1,1,1,0,1,0,1,1,1,1,0,0,0,0,0,0,0,1,0,1,0,0,0,0,0,0,0,0,0,0,0,0,0,0,1,0,0,0,0,0,0,0,0,A,50 ,6,10;;
"Bynder,https://www.bynder.com/en/,Enterprise Technology,""Netherlands, The"",""Remote (post COVID-19), At HQ (as listed above), San Mateo, CA & Boston, MA"",https://www.bynder.com/en/careers/all/,X,1,1,1,1,1,0,1,1,1,0,0,0,1,0,0,0,1,0,0,0,1,0,0,0,0,0,0,0,0,0,1,0,1,0,1,0,1,0,0,1,0,0,-1,500 ,11,20";;
"Bugcrowd,Bugcrowd,Enterprise Technology,US/California,""At HQ (as listed above), Salt Lake City, London & Sydney"",https://www.bugcrowd.com/about/careers/,-1,1,0,1,1,0,0,1,0,1,0,0,1,0,0,0,0,0,0,0,0,0,1,0,0,0,0,0,1,0,1,0,0,0,0,1,0,0,0,0,0,0,0,D,500 ,-1,20";;
"Chronosphere,www.chronosphere.io,Enterprise Technology,US/New York,""At HQ (as listed above), Bellevue, WA"",https://boards.greenhouse.io/chronosphere/jobs/4012682003,-1,1,1,0,0,0,1,1,1,0,0,0,0,0,0,0,0,1,0,0,0,0,0,0,0,0,0,0,0,0,0,0,0,0,0,0,0,0,0,0,0,0,0,A,50 ,1,5";;
Whisper.ai,-1,Consumer Technology,US/California,At HQ (as listed above),https://boards.greenhouse.io/whisperai,-1,1,1,0,1,0,1,1,0,1,0,1,1,0,0,0,0,0,1,0,0,0,0,0,0,0,0,0,0,0,0,0,0,0,1,1,0,1,0,0,0,0,0,B,50 ,6,10;;
"NurseFly,nursefly.com,Healthcare,US/California,""Remote (post COVID-19), At HQ (as listed above), Denver & Columbia"",https://boards.greenhouse.io/nursefly,-1,1,1,0,1,1,1,1,1,1,1,0,0,0,0,0,0,1,0,1,0,0,0,0,0,0,0,0,1,1,1,1,1,0,1,1,1,0,1,1,1,0,0,A,50 ,6,10";;
Headway,https://headway.co/,Healthcare,US/New York,At HQ (as listed above),https://jobs.lever.co/headway,-1,1,0,1,1,1,1,0,0,1,0,0,0,0,0,0,0,0,0,0,0,0,0,0,0,1,1,0,1,1,0,1,1,0,0,0,1,0,0,0,1,0,0,Seed,50 ,6,10;;
Spokeo,https://www.spokeo.com/,Consumer Technology,US/California,At HQ (as listed above),https://www.spokeo.com/careers/jobs,-1,1,1,0,1,1,0,0,1,1,0,0,0,0,0,0,0,1,0,0,0,0,0,0,0,0,0,0,0,0,0,0,0,0,0,1,0,0,0,0,1,0,1,Pre-Seed,500 ,11,20;;
Headspace,http://www.headspace.com,Consumer Technology,US/California,At HQs across the US and worldwide,https://jobs.lever.co/headspace,-1,1,0,0,1,0,1,1,1,1,0,0,0,0,0,0,0,0,0,0,0,0,0,0,0,0,0,0,0,0,0,1,0,1,0,0,0,0,0,0,0,0,0,-1,-1,11,20;;
Clockwise,www.getclockwise.com,Consumer Technology,US/California,At HQ (as listed above),www.getclockwise.com/careers,-1,0,1,0,1,0,0,0,0,0,0,0,0,0,0,0,0,1,0,0,0,0,0,0,0,0,0,0,0,0,0,0,0,0,1,0,0,0,0,0,0,0,0,A,50 ,1,5;;
Monday.vc,www.monday.vc,Consumer Technology,Fully Remote (not only during COVID-19),Remote (post COVID-19),https://boards.greenhouse.io/mondayvc,X,1,1,1,1,1,1,1,0,1,0,0,0,0,0,0,0,1,0,0,0,0,0,0,0,0,0,0,0,0,0,0,0,0,0,0,0,1,0,0,0,1,0,Seed,50 ,6,10;;
Retool,retool.com,Enterprise Technology,US/California,At HQ (as listed above),https://retool.com/jobs/,-1,1,1,0,0,0,1,1,1,1,0,0,0,0,0,0,0,0,0,0,0,0,0,0,0,0,0,0,0,0,0,0,0,0,0,0,0,0,0,0,0,0,0,A,50 ,-1,20;;
"Grammarly,grammarly.com,Consumer Technology,US/California,""At HQ (as listed above), Vancouver, Kyiv"",https://www.grammarly.com/jobs,-1,1,1,1,1,1,1,1,1,1,1,0,0,1,0,0,0,1,0,0,0,1,1,0,1,1,1,0,0,1,1,0,1,0,0,0,0,1,0,1,1,0,0,-1,500 ,-1,20";;
"Hyperscience,https://www.hyperscience.com/,Enterprise Technology,US/New York,""Remote (post COVID-19), At HQ (as listed above), Sofia, Bulgaria & UK"",https://www.hyperscience.com/careers/,-1,1,0,1,1,1,1,1,1,1,0,0,1,0,0,0,0,0,0,0,0,0,0,0,0,1,0,0,0,1,0,0,0,0,1,1,0,1,0,0,1,1,0,B,500 ,-1,20";;
Compete To Create,Compete To Create,Consumer Technology,US/Washington,At HQ (as listed above),https://bit.ly/C2Cjobs,-1,1,0,0,0,0,1,0,0,1,0,0,0,0,0,0,0,0,0,0,0,0,0,0,0,0,0,0,0,0,0,0,0,0,0,0,0,0,0,0,0,0,0,Seed,10 ,1,5;;
Rakuten Americas,20000,Consumer Technology,US/California,At HQ (as listed above),https://boards.greenhouse.io/rakutenamericas/jobs/4624762002https://boards.greenhouse.io/rakutenmarketing/jobs/4594754002,-1,1,0,0,0,1,1,1,1,1,1,1,1,1,0,0,0,0,0,0,0,0,0,0,0,0,0,0,0,0,0,0,0,0,0,0,0,0,0,1,0,0,0,-1,-1,-1,20;;
"LawVu,www.lawvu.com,Enterprise Technology,Fully Remote (not only during COVID-19),""Remote (post COVID-19), At HQ (as listed above)"",https://lawvu.com/jobs/,X,1,0,0,0,0,1,0,1,1,0,0,0,1,0,0,0,0,0,0,0,0,0,0,0,0,0,0,0,0,0,0,0,0,0,0,0,0,0,0,0,0,0,A,50 ,1,5";;
"Deliverr,Deliverr,Consumer Technology,US/California,""Remote (post COVID-19), At HQ (as listed above), Chicago"",https://deliverr.com/careers/,-1,1,0,1,1,0,1,0,1,0,0,0,0,0,0,0,0,0,0,0,0,0,0,0,0,1,1,0,0,0,1,0,0,0,0,0,0,0,0,0,0,0,0,-1,100 ,6,10";;
"TrueNorth,www.truenorthfleet.com,Enterprise Technology,US/California,""Remote (post COVID-19), At HQ (as listed above)"",https://angel.co/company/truenorth/jobs,-1,1,0,0,1,0,0,1,0,1,1,0,0,0,0,0,0,0,0,0,0,0,0,0,0,0,0,0,0,0,0,1,0,0,0,0,0,1,0,0,0,0,0,Seed,10 ,1,5";;
"SmartNews,https://www.smartnews.com/en/,Consumer Technology,Japan,""San Francisco, Palo Alto, Shanghai, Beijing"",https://apply.workable.com/smartnews/,-1,1,1,1,0,1,1,0,1,0,1,0,0,0,0,0,0,1,0,0,0,1,0,0,1,0,0,0,0,0,0,0,0,0,0,0,0,0,1,1,1,0,0,E+,500 ,-1,20";;
CB Insights,www.cbinsights.com,Enterprise Technology,US/New York,At HQ (as listed above),www.cbinsights.com/jobs,-1,1,1,0,1,1,1,0,0,0,0,0,0,0,0,0,0,1,0,0,0,0,0,0,0,0,0,0,0,0,1,0,0,0,0,0,0,1,0,1,1,0,0,A,-1,6,10;;
Swogo,swogo.com,Enterprise Technology,Portugal,At HQ (as listed above),https://swogo.bamboohr.com/jobs/,-1,1,1,0,1,0,1,1,1,1,0,0,0,0,0,0,0,1,0,0,0,0,0,0,0,0,0,0,1,1,1,1,0,1,0,0,0,1,0,0,0,0,0,A,50 ,11,20;;
YData,https://ydata.ai/,Enterprise Technology,Spain,Remote (post COVID-19),https://angel.co/company/ydata/jobs,-1,1,0,0,1,1,1,0,1,0,0,0,1,0,0,0,0,0,0,0,0,0,0,0,0,0,0,0,0,1,0,0,0,0,0,0,0,0,0,1,0,0,0,Pre-Seed,10 ,1,5;;
"Orchard,www.orchard.com,Consumer Technology,US/New York,""At HQ (as listed above), Austin, Dallas"",https://orchard.com/careers,-1,1,1,0,1,0,1,0,0,1,0,0,0,0,0,0,0,0,0,0,0,0,0,0,0,0,0,0,0,0,0,0,0,0,0,1,0,0,0,0,0,0,0,B,500 ,11,20";;
"HelpAround,www.helparound.co,Healthcare,Fully Remote (not only during COVID-19),""Remote (post COVID-19), Remote in U.S. or Tel Aviv, Israel"",www.helparound.co,-1,0,0,1,1,0,0,0,0,0,0,0,0,0,0,0,0,0,0,0,0,0,0,0,0,1,0,0,0,0,1,1,1,1,0,0,0,0,0,0,0,0,0,A,10 ,1,5";;
"LogDNA,www.logdna.com,Enterprise Technology,US/California,""Remote (post COVID-19), At HQ (as listed above), SF, Mountain View, Toronto and Remote"",https://logdna.com/culture-and-career/,-1,1,0,0,1,0,1,1,1,0,0,0,1,0,0,0,0,0,0,0,0,0,0,0,0,0,0,0,0,1,0,0,0,0,0,0,0,1,0,0,0,0,0,B,100 ,11,20";;
Zendesk,www.zendesk.com,Enterprise Technology,US/California,At HQ (as listed above),www.jobs.zendesk.com,X,0,0,0,0,0,0,0,0,0,0,0,0,0,0,0,0,0,0,0,0,0,0,0,0,0,0,0,0,0,0,0,0,0,0,0,0,0,0,0,0,0,0,E+,501+ ,-1,20;;
"HomeX,Http://HomeX.com,Consumer Technology,US/Illinois,""At HQ (as listed above), Chicago for biz / sales / marketing, Toronto or Cambridge UK for tech"",HomeX.com/careers,X,1,0,1,1,1,1,0,0,0,0,0,0,0,0,0,0,0,0,0,0,1,1,0,0,0,0,0,1,0,0,0,0,0,1,1,0,0,1,0,0,0,0,-1,500 ,6,10";;
BINDHQ,www.bindhq.com,Enterprise Technology,US/Texas,Remote (post COVID-19),https://bindhq.com/company,-1,1,1,1,1,1,0,1,0,1,0,0,1,0,0,0,0,1,0,0,0,0,0,0,0,0,1,0,0,0,1,0,0,0,0,0,0,0,1,0,0,0,0,Seed,50 ,6,10;;
Cesium,https://cesium.com/,Enterprise Technology,US/Pennsylvania,At HQ (as listed above),https://cesium.com/careers/,-1,1,1,0,0,1,1,1,1,1,0,0,1,1,0,0,0,1,0,0,0,0,0,0,0,0,0,0,0,0,0,0,0,0,0,0,0,0,0,0,1,0,0,A,50 ,6,10;;
"Gravity Sketch,gravitysketch.com,Enterprise Technology,""United Kingdom, The"",""Remote (post COVID-19), At HQ (as listed above)"",gravitysketch.com/careers,X,1,1,0,1,0,1,0,1,1,0,0,0,0,0,0,0,1,1,0,0,0,0,0,0,0,0,0,0,0,0,0,0,0,0,0,0,1,0,0,0,0,0,Seed,50 ,6,10";;
"Policygenius,https://www.policygenius.com/,Other,US/New York,""At HQ (as listed above), Durham, NC"",https://www.policygenius.com/careers/,-1,1,1,1,1,1,1,1,0,1,0,0,1,0,0,0,0,1,0,0,0,1,1,0,1,1,1,0,0,1,0,0,0,1,0,1,0,1,1,1,1,0,0,D,500 ,-1,20";;
Kitchen to Kitchen (operating company of Material),kitchentokitchen.com,Consumer Technology,US/New York,At HQ (as listed above),https://www.linkedin.com/feed/update/urn:li:activity:6653336869306200064,-1,0,0,0,1,0,0,0,0,0,0,0,0,0,0,0,0,0,0,0,0,0,0,0,0,0,0,0,0,0,0,0,0,0,0,1,1,0,0,0,0,0,0,Seed,10 ,1,5;;
Swing Therapeutics,https://www.swingtherapeutics.com/,Healthcare,US/California,At HQ (as listed above),https://www.swingtherapeutics.com/join-us,-1,1,1,0,0,0,1,0,0,0,0,0,0,0,0,0,0,1,0,0,0,0,0,0,0,0,0,0,0,0,0,0,0,0,0,0,0,0,0,0,0,0,0,A,10 ,1,5;;
Beyond Identity,beyondidentity.com,Enterprise Technology,US/New York,At HQ (as listed above),https://www.linkedin.com/company/beyond-identity-inc/jobs/,-1,1,0,0,1,0,1,1,1,1,1,0,0,1,0,0,0,0,0,0,0,0,0,0,0,0,0,0,0,0,1,0,0,0,0,0,0,0,0,0,0,0,0,A,50 ,6,10;;
AC Health,http://www.ac-health.com,Healthcare,US/New York,Remote (post COVID-19),https://angel.co/l/2s8Mo8,X,1,0,0,0,0,0,0,0,1,0,0,0,0,0,0,0,0,0,0,0,0,0,0,0,0,0,0,0,0,0,0,0,0,0,0,0,0,0,0,0,0,0,Pre-Seed,10 ,1,5;;
Lucid Motors,lucidmotors.com,Other,US/California,At HQ (as listed above),lucidmotors.com/careers,-1,1,1,1,1,1,1,1,1,1,1,1,1,1,1,1,1,1,1,1,1,1,1,0,1,1,1,1,1,1,1,1,1,1,0,0,1,1,1,1,1,1,0,-1,501+ ,-1,20;;
Rimeto,www.rimeto.com,Enterprise Technology,US/California,At HQ (as listed above),https://jobs.lever.co/rimeto,-1,1,1,1,0,1,1,1,0,1,0,0,0,0,0,0,0,1,0,0,0,0,0,0,1,0,0,0,0,0,0,0,0,0,0,0,0,0,0,0,1,0,0,A,50 ,6,10;;
"Workstream,www.workstream.us,Enterprise Technology,US/California,""Remote (post COVID-19), At HQ (as listed above)"",http://got.work/workstream?referer_source=layoffs_fyi,-1,0,0,0,0,1,0,0,0,0,0,0,0,0,0,0,0,0,0,0,0,0,0,0,0,0,0,0,0,0,0,0,0,0,0,0,0,0,0,0,1,0,0,-1,50 ,1,5";;
Medely Inc.,https://medely.com/,Healthcare,US/California,At HQ (as listed above),https://medely.com/careers#grnhse_app,-1,1,0,1,0,1,1,1,1,1,0,0,0,0,0,0,0,0,0,0,0,1,0,0,0,0,0,0,0,0,0,0,0,0,0,0,0,0,0,0,1,0,0,B,100 ,11,20;;
Passport Shipping,https://passportshipping.com/,Enterprise Technology,US/California,At HQ (as listed above),https://passport.applytojob.com/apply,-1,0,0,0,1,1,0,0,0,0,0,0,0,0,0,0,0,0,0,0,0,0,0,0,0,0,0,0,0,0,1,0,0,0,0,0,0,0,0,0,1,0,0,Seed,50 ,1,5;;
"Nomad Health,www.nomadhealth.com,Healthcare,US/New York,""Remote (post COVID-19), At HQ (as listed above)"",https://jobs.lever.co/nomadhealth,-1,1,0,1,1,1,1,1,1,1,0,0,0,0,0,0,0,0,0,0,0,1,0,0,1,0,0,0,1,0,0,0,0,0,0,0,0,0,0,0,1,0,0,C,100 ,11,20";;
"CircleCI,www.circleci.com,Enterprise Technology,US/California,""Remote (post COVID-19), At HQ (as listed above)"",https://boards.greenhouse.io/circleci,-1,1,1,1,1,1,1,0,1,0,0,0,1,0,0,0,0,1,0,1,0,0,1,0,0,0,1,0,0,1,0,0,0,1,0,0,0,1,1,0,1,0,0,E+,500 ,-1,20";;
Good Dog,gooddog.com,Consumer Technology,US/New York,At HQ (as listed above),https://angel.co/company/gooddog/jobs,-1,0,1,1,1,1,0,0,0,0,0,0,0,0,0,0,0,1,0,0,0,0,0,0,0,1,1,0,1,0,0,0,0,0,1,0,0,0,0,0,1,0,0,A,50 ,1,5;;
Freenome,https://www.freenome.com/,Healthcare,US/California,At HQ (as listed above),https://www.freenome.com/careers,-1,1,0,0,0,1,1,0,1,1,0,0,1,0,0,0,0,0,0,0,0,0,0,0,0,0,0,0,0,0,0,0,0,0,0,0,0,0,0,1,1,1,0,B,500 ,-1,20;;
Cesium,Cesium.com,Enterprise Technology,US/Pennsylvania,At HQ (as listed above),cesium.com/careers,-1,1,1,0,0,1,0,1,1,0,0,0,1,0,0,0,0,1,0,0,0,0,0,0,0,0,0,0,0,0,0,0,0,0,0,0,0,0,0,0,1,0,0,A,50 ,6,10;;
Tovala,www.tovala.com,Consumer Technology,US/Illinois,Chicago,www.tovala.com/careers,X,1,1,1,1,1,0,0,1,1,0,0,0,0,0,0,0,0,0,0,1,1,0,0,0,0,1,0,0,0,0,0,0,0,1,0,1,0,0,0,1,0,0,B,50 ,11,20;;
"Tailwind,tailwindapp.com,Consumer Technology,US/Oklahoma,""Remote (post COVID-19), At HQ (as listed above), New York City"",https://www.tailwindapp.com/careers#job-listings,-1,1,1,0,1,0,0,0,0,1,1,0,0,0,0,0,0,0,0,1,0,0,0,0,0,0,0,0,0,0,0,0,0,0,0,1,0,0,0,0,0,0,0,B,100 ,1,5";;
"Mighty,https://www.mighty.com/,Enterprise Technology,US/New York,""Remote (post COVID-19), At HQ (as listed above), Atlanta, GA"",https://jobs.lever.co/mighty,-1,0,1,1,1,1,0,0,0,0,0,0,0,0,0,0,0,1,0,0,0,1,0,0,0,0,0,0,0,0,0,0,0,1,0,1,0,0,0,0,1,0,0,A,50 ,6,10";;
"Ladder,withladder.com,Consumer Technology,US/California,""Remote (post COVID-19), At HQ (as listed above)"",https://withladder.com/company/jobs,-1,1,0,1,1,0,1,0,0,1,0,0,0,0,0,0,0,0,0,0,0,0,0,0,0,0,1,0,0,0,0,1,0,0,0,0,1,0,0,0,0,0,0,Seed,10 ,1,5";;
"ShipMonk,https://www.shipmonk.com/,Enterprise Technology,US/Florida,""Remote (post COVID-19), At HQ (as listed above)"",https://www.shipmonk.com/careers,-1,0,0,1,1,0,0,0,0,0,0,0,0,0,0,0,0,0,0,0,0,0,0,0,0,1,0,0,0,1,0,0,0,0,0,0,0,0,0,0,0,0,0,A,500 ,11,20";;
Crunchbase,https://about.crunchbase.com/about-us/careers/,Consumer Technology,US/California,At HQ (as listed above),https://about.crunchbase.com/about-us/careers/,-1,1,0,0,0,0,1,1,1,1,0,0,0,0,0,0,0,0,0,0,0,0,0,0,0,0,0,0,0,0,0,0,0,0,0,0,0,0,0,0,0,0,0,C,500 ,-1,20;;
Unqork,http://unqork.com/,Enterprise Technology,US/New York,At HQ (as listed above),https://boards.greenhouse.io/unqork?hsCtaTracking=9cb2a964-4cdc-402f-8464-b165ab26c753%7C5f3f087b-ff9c-4016-9dca-e73c2662de00,X,1,1,1,1,1,1,1,1,1,0,1,1,1,0,0,0,1,0,1,0,0,0,0,0,1,1,0,1,1,1,1,1,1,0,0,0,1,0,1,1,0,0,B,500 ,-1,20;;
Hakuna Services, Inc,https://www.trashwarrior.com/,Enterprise Technology,US/California,At HQ (as listed above),https://angel.co/company/trash-warrior/jobs,-1,1,0,0,1,0,0,1,0,1,0,0,0,0,0,0,0,0,0,0,0,0,0,0,0,0,0,0,0,0,1,0,0,0,0,0,0,0,0,0,0,0,0,Seed,10 ,1,5;;
Qualia,www.qualia.com,Enterprise Technology,US/California,At HQ (as listed above),https://www.qualia.com/jobs/,-1,1,1,0,0,1,1,0,0,1,0,0,0,0,0,0,0,1,0,0,0,0,0,0,0,0,0,0,0,0,0,0,0,0,0,0,0,0,0,0,1,0,0,C,500 ,11,20;;
Informed.IQ,informed.iq,Enterprise Technology,US/California,At HQ (as listed above),https://informed.iq/careers,-1,1,0,1,0,1,1,0,1,1,0,0,1,1,0,0,0,0,0,0,0,0,0,0,1,0,1,0,0,0,0,0,0,0,0,0,0,0,0,1,1,0,1,-1,10 ,6,10;;
Torch,torch3pl.com,Enterprise Technology,US/Illinois,At HQ (as listed above),-1,-1,1,0,0,0,0,1,0,0,0,0,0,0,0,0,0,0,0,0,0,0,0,0,0,0,0,0,0,0,0,0,0,0,0,0,0,0,0,0,0,0,0,0,Pre-Seed,10 ,1,5;;
Tumbi tyres,tumbityres.com.au,Other,Australia,At HQ (as listed above),Mechanic/ wheel aligner/ tyre fitter,-1,0,0,0,0,0,0,0,0,0,0,0,0,0,0,0,0,0,0,0,0,0,0,0,0,0,0,0,0,0,0,0,0,0,0,0,0,0,0,0,0,0,0,-1,50 ,1,5;;
"Lattice,https://lattice.com,-1,US/California,""At HQ (as listed above), New York, NY"",https://lattice.com/careers,-1,1,1,1,0,1,1,1,0,1,0,0,0,0,0,0,0,1,1,0,0,0,0,0,0,0,1,0,0,0,0,0,0,0,0,0,0,0,0,0,1,0,0,C,500 ,6,10";;
Bubbles,https://usebubbles.com,Enterprise Technology,US/California,At HQ (as listed above),https://usebubbles.com/dev,-1,1,1,0,1,0,1,1,0,1,0,0,0,0,0,0,0,1,0,0,1,0,0,0,0,0,0,0,0,0,0,0,0,0,1,0,1,0,0,0,0,0,0,Pre-Seed,10 ,1,5;;
Argonaut Manufacturing Services,www.argonautms.com,Healthcare,US/California,At HQ (as listed above),https://www.argonautms.com/jobs/,-1,0,0,0,0,0,0,0,0,0,0,0,0,0,0,0,0,0,0,0,0,0,0,0,0,0,0,0,0,0,0,0,0,0,0,0,0,0,0,0,0,0,0,-1,-1,-1,20;;
LifeWork,https://www.lifeworkonline.com,Enterprise Technology,Fully Remote (not only during COVID-19),Remote (post COVID-19),https://angel.co/company/lifework-1/jobs/785589-head-of-marketing,-1,0,0,0,1,0,0,0,0,0,0,0,0,0,0,0,0,0,0,0,0,0,0,0,0,0,0,0,0,0,0,0,0,0,0,1,0,0,0,0,0,0,0,Pre-Seed,10 ,1,5;;
dMetrics,dmetrics.com,Enterprise Technology,US/New York,At HQ (as listed above),https://dmetrics.com/careers,-1,1,0,0,0,0,1,1,1,0,0,0,0,0,0,0,0,0,0,0,0,0,0,0,0,0,0,0,0,0,0,0,0,0,0,0,0,0,0,0,0,0,0,Seed,50 ,1,5;;
"Framework,https://frame.work,Consumer Technology,US/California,""Remote (post COVID-19), At HQ (as listed above)"",https://jobs.lever.co/framework,X,1,0,1,0,0,1,1,1,1,0,0,0,0,1,0,0,0,0,0,0,0,0,0,0,0,0,0,0,0,0,0,0,0,0,0,0,0,0,0,0,0,0,Pre-Seed,10 ,1,5";;
"Diffbot,www.diffbot.com,Enterprise Technology,US/California,""Remote (post COVID-19), At HQ (as listed above)"",www.diffbot.com/company/careers,-1,1,0,0,1,0,1,0,1,1,0,0,0,0,0,0,0,0,0,0,0,0,0,0,0,0,0,0,0,1,1,0,0,0,0,0,0,0,0,0,0,0,0,A,50 ,-1,20";;
Unum ID,https://unumid.org/,Enterprise Technology,US/California,At HQ (as listed above),https://unumid.recruitee.com/,-1,1,0,0,0,0,0,0,0,0,1,0,0,1,0,0,0,0,0,0,0,0,0,0,0,0,0,0,0,0,0,0,0,0,0,0,0,0,0,0,0,0,0,Seed,10 ,1,5;;
Stedi, Inc.,www.stedi.com,Enterprise Technology,Fully Remote (not only during COVID-19),Remote (post COVID-19),https://jobs.lever.co/stedi/1a0ef611-4627-4dc6-b500-def70ea9c9d1,-1,1,1,0,0,0,1,1,1,1,0,0,1,0,0,0,1,0,0,1,0,0,0,0,0,0,0,0,0,0,0,0,0,0,0,0,0,0,0,0,0,0,0,A,50 ,1,5;;
"Careers.Desi,https://www.careers.desi,Consumer Technology,US/New York,""Remote (post COVID-19), At HQ (as listed above)"",https://www.careers.desi,X,1,1,1,1,1,1,1,0,1,1,1,1,1,1,1,1,1,1,1,1,1,1,1,1,1,1,1,1,1,1,1,1,1,1,1,1,1,1,1,1,1,0,Pre-Seed,10 ,1,5";;
"Juniper Square,https://www.junipersquare.com/,Enterprise Technology,US/California,""At HQ (as listed above), Austin, TX"",https://www.junipersquare.com/careers,-1,1,1,1,1,1,1,1,1,1,0,1,0,0,0,0,0,1,0,1,0,1,1,0,0,0,0,0,1,0,1,0,0,0,1,1,0,0,1,0,1,0,0,C,500 ,-1,20";;
Emerald Valley Web Design, LLC,https://emeraldvalleydesign.com,Consumer Technology,US/Oregon,Remote (post COVID-19),https://www.indeedjobs.com/emerald-valley-web-design/,-1,1,1,1,1,0,1,1,1,0,0,0,0,0,0,0,0,1,0,0,0,1,0,0,1,0,0,1,1,1,1,1,1,1,0,0,1,0,0,0,0,0,0,Seed,10 ,6,10;;
Tyk,tyk.io,Enterprise Technology,Fully Remote (not only during COVID-19),Remote (post COVID-19),https://tyk.io/current-vacancies/,-1,1,1,0,1,0,1,0,0,0,0,0,0,0,0,0,0,1,0,0,0,0,0,0,0,0,0,0,0,0,0,0,0,0,0,1,0,0,0,0,0,0,0,A,100 ,1,5;;
"Stel Life Inc.,www.stel.life,Healthcare,US/Pennsylvania,""At HQ (as listed above), Can be remote if necessary"",-1,-1,1,1,0,0,0,0,0,1,0,0,0,0,1,1,0,1,0,0,1,1,0,0,0,0,0,0,0,0,0,0,0,0,0,0,0,0,0,0,0,0,0,0,Seed,10 ,1,5";;
Freedom Financial Network,https://jobs.freedomfinancialnetwork.com/jobs,Other,US/California,At HQ (as listed above),https://jobs.freedomfinancialnetwork.com/jobs,-1,1,1,1,1,1,1,1,1,1,0,1,0,0,0,0,0,1,0,0,0,0,0,0,0,1,0,0,1,0,0,1,0,0,0,1,0,0,1,1,1,0,0,-1,501+ ,-1,20;;
"DearDoc,getdeardoc.com,Healthcare,US/New York,""Remote (post COVID-19), At HQ (as listed above)"",https://forms.gle/BJjDa99471smSCzH8,X,0,0,0,1,0,0,0,0,0,0,0,0,0,0,0,0,0,0,0,0,0,0,0,0,0,0,0,0,1,1,0,0,1,0,0,0,0,0,0,0,0,0,-1,100 ,1,5";;
"Casebook PBC,https://www.casebook.net/,Enterprise Technology,US/New York,""Remote (post COVID-19), At HQ (as listed above)"",https://www.casebook.net/jobs,-1,1,0,0,0,1,0,0,1,0,0,0,0,0,0,0,0,0,0,0,0,0,0,0,0,0,0,0,0,0,0,0,0,0,0,0,0,0,0,1,1,0,0,A,50 ,1,5";;
Forethought,https://www.forethought.ai/,Enterprise Technology,US/California,At HQ (as listed above),https://jobs.lever.co/forethought/,-1,1,0,1,1,1,0,1,0,0,0,0,0,0,0,0,0,0,0,0,0,0,0,0,1,0,0,0,0,1,1,0,0,0,0,0,0,0,0,0,1,0,0,A,-1,6,10;;
Polarr Inc,www.polarr.co,Consumer Technology,US/California,At HQ (as listed above),https://jobs.lever.co/polarr,-1,1,0,0,0,1,0,1,1,0,0,0,0,0,0,0,0,0,0,0,0,0,0,0,0,0,0,0,0,0,0,0,0,0,0,0,0,0,0,0,1,0,0,A,50 ,6,10;;
Flatfile,https://flatfile.io/,Enterprise Technology,Fully Remote (not only during COVID-19),Remote (post COVID-19),https://flatfile.io/about/#careers,-1,1,1,0,1,1,0,0,0,1,0,1,0,0,0,0,0,1,0,0,0,0,0,0,0,0,0,0,0,1,1,0,0,1,1,1,0,0,0,1,0,0,0,Seed,50 ,6,10;;
MagicBus,-1,-1,Fully Remote (not only during COVID-19),Remote (post COVID-19),https://www.workatastartup.com/directory/990,-1,1,0,0,1,1,1,1,1,1,0,0,0,0,0,0,0,0,0,0,0,0,0,0,0,0,0,0,0,0,0,0,0,0,0,1,0,0,0,0,1,0,0,A,10 ,1,5;;
"Almanac,https://askalmanac.com/,Consumer Technology,US/California,""Remote (post COVID-19), At HQ (as listed above)"",https://askalmanac.com/careers,-1,0,1,0,1,0,0,0,0,0,0,0,0,0,0,0,0,0,0,0,0,0,0,0,0,0,0,0,0,0,0,0,0,0,0,0,1,0,0,0,0,0,0,Seed,50 ,6,10";;
"AppOmni,appomni.com,Enterprise Technology,US/California,""Remote (post COVID-19), At HQ (as listed above), Hiring in our San Francisco HQ, Carbondale, CO office, and for full remote"",https://angel.co/company/appomni/jobs,-1,1,0,0,1,0,1,1,1,1,0,0,0,1,0,0,0,0,0,0,0,0,0,0,0,0,0,0,0,0,0,0,0,1,0,0,0,0,0,0,0,0,0,A,50 ,1,5";;
Demand IQ,demand-iq.com,Enterprise Technology,US/Colorado,Remote (post COVID-19),demand-iq.com/careers,X,1,1,1,1,0,1,1,1,1,0,0,0,0,0,0,0,1,0,0,0,1,0,0,0,0,0,0,0,0,0,0,0,0,0,1,0,0,0,0,0,0,0,Seed,10 ,1,5;;
"Teleport,https://teleport.us,Consumer Technology,Fully Remote (not only during COVID-19),""Remote (post COVID-19), At HQ (as listed above)"",https://angel.co/company/firstdate/jobs/765960-senior-front-end-react-js-developer,X,1,0,0,0,0,1,1,1,1,0,0,0,0,0,0,0,0,0,0,0,0,0,0,0,0,0,0,0,0,0,0,0,0,0,0,0,0,0,0,0,0,0,Seed,10 ,1,5";;
"LetsEndorse Development,www.letsendorse.com,Other,India,""Remote (post COVID-19), At HQ (as listed above)"",""Multiple roles. Tech, BD, Content, Strategy, Operations. Reach out to us with your resume and SOP at support@letsendorse.com"",X,1,0,1,1,1,1,1,1,1,0,0,0,0,0,0,0,0,0,0,0,0,0,0,0,1,1,0,1,1,0,0,0,0,0,1,1,0,1,0,1,1,0,Seed,50 ,6,10";;
"Ocular Technologies, Inc.,http://oculartechnologies.io,Healthcare,US/Massachusetts,""Remote (post COVID-19), At HQ (as listed above)"",https://oculartechnologies.io/join-us/,X,1,0,1,0,1,1,0,0,1,0,0,0,0,1,0,0,0,0,0,0,0,0,0,0,0,1,0,0,0,0,0,0,0,0,0,0,0,0,1,1,0,0,Pre-Seed,10 ,1,5";;
"Qbrics, Inc,https://www.qbrics.com,Enterprise Technology,US/Colorado,""Remote (post COVID-19), Bangalore, India"",https://angel.co/qbrics/recruiting/listings,X,0,1,0,1,0,0,0,0,0,0,0,0,0,0,0,0,1,1,1,0,0,0,0,0,0,0,0,1,0,0,1,0,0,0,0,1,0,0,0,0,0,0,Seed,10 ,1,5";;
"Prokit,https://theprokit.com/,Consumer Technology,US/California,""Remote (post COVID-19), At HQ (as listed above)"",-1,X,1,1,0,0,0,1,1,0,1,0,0,0,0,0,0,0,1,0,0,0,0,0,0,0,0,0,0,0,0,0,0,0,0,0,0,0,0,0,0,0,0,0,Pre-Seed,10 ,1,5";;
Pyka Inc.,www.flypyka.com,Other,US/California,At HQ (as listed above),https://boards.greenhouse.io/pyka/jobs/4004555003,-1,1,0,0,0,0,1,0,0,0,0,0,0,0,0,0,0,0,0,0,0,0,0,0,0,0,0,0,0,0,0,0,0,0,0,0,0,0,0,0,0,0,0,Seed,50 ,1,5;;
"kickit,https://letskickit.app,Consumer Technology,US/New York,""Remote (post COVID-19), At HQ (as listed above)"",-1,-1,1,0,0,0,1,1,1,1,1,1,0,0,0,0,0,0,0,0,0,0,0,0,0,0,0,0,0,0,0,0,0,0,0,0,0,0,0,0,0,1,0,0,Seed,10 ,1,5";;
CoveredBySage,CoveredBySage.com,Other,US/New York,Remote/ Gurugon/Kathmandu,https://www.linkedin.com/company/covered-by-sage/jobs/,X,1,1,1,0,1,0,1,0,1,1,1,1,0,0,0,0,0,1,1,0,1,0,0,0,0,0,0,0,0,0,0,0,0,0,0,0,0,0,1,0,0,0,Seed,100 ,6,10;;
101edu,101edu.co,Other,US/New York,At HQ (as listed above),https://angel.co/company/101/jobs?role=Software%20Engineer,-1,1,0,0,0,0,1,1,0,0,0,0,0,0,0,0,0,0,0,0,0,0,0,0,0,0,0,0,0,0,0,0,0,0,0,0,0,0,0,0,0,0,0,Seed,50 ,1,5;;
"Snowdrop Solutions Ltd,www.snowdropsolutions.co.uk,Enterprise Technology,""United Kingdom, The"",At HQ (as listed above),https://snowdropsolutions.co.uk/career/,-1,1,0,0,0,1,1,0,0,0,0,0,0,0,0,0,0,0,0,0,0,0,0,0,0,0,0,0,0,0,0,0,0,0,0,0,0,0,0,0,1,0,0,C,50 ,1,5";;
Upswing,Upswing.io,Enterprise Technology,US/Texas,At HQ (as listed above),Angel.co/upswing,-1,1,0,1,0,1,1,0,0,0,0,1,0,0,0,0,0,0,0,0,0,0,0,0,0,0,0,0,0,0,0,0,0,0,0,0,0,0,0,1,0,0,0,A,50 ,1,5;;
Glitch,https://glitch.com,Consumer Technology,US/New York,Remote (post COVID-19),Email ezra@glitch.com for freelancing opportunities in product marketing and analytics,X,0,0,0,1,1,0,0,0,0,0,0,0,0,0,0,0,0,0,0,0,0,0,0,0,0,0,0,0,0,0,0,0,0,1,0,1,0,0,1,0,0,0,A,100 ,1,5;;
BetterListen! / WisdomFeed,Betterlisten.com,Other,Fully Remote (not only during COVID-19),Remote (post COVID-19),steve@betterlisten.com,X,0,0,0,1,0,0,0,0,0,0,0,0,0,0,0,0,0,0,0,0,0,0,0,0,0,0,0,0,0,0,0,0,0,1,0,0,0,0,0,0,0,0,Seed,10 ,1,5;;
"Share Ventures,www.share.vc,Other,US/California,""At HQ (as listed above), Potential for remote, role-dependent"",http://bit.ly/shareopportunities,X,1,1,1,1,1,1,1,1,1,1,1,1,1,0,0,0,1,0,1,0,0,0,0,1,0,0,0,1,0,0,0,0,0,1,0,1,0,0,0,1,1,0,Seed,50 ,6,10";;
Lively,https://www.listenlively.com/,Consumer Technology,US/New York,At HQ (as listed above),https://boards.greenhouse.io/lively,X,1,1,1,1,0,1,0,0,0,1,1,0,0,0,0,0,0,0,0,0,1,0,0,0,1,0,0,0,0,0,0,0,0,0,0,0,0,0,0,0,0,0,-1,50 ,6,10;;
"Snowdrop Solutions,www.snowdropsolutions.co.uk,Enterprise Technology,""United Kingdom, The"",""At HQ (as listed above), Remote is allowed, but the attendance to the office is required a few days a week"",https://snowdropsolutions.co.uk/career/,-1,1,0,0,0,1,1,0,0,0,0,0,0,0,0,0,0,0,0,0,0,0,0,0,0,0,0,0,0,0,0,0,0,0,0,0,0,0,0,0,1,0,0,C,50 ,1,5";;
tl;dv,tldv.io,Enterprise Technology,Fully Remote (not only during COVID-19),Remote (post COVID-19),https://drive.google.com/file/d/1zYF62eYvmJ4L6Rh_W0CKQUgiM3355U-n/view?usp=sharing,X,1,1,0,0,0,1,1,1,1,0,0,1,0,0,0,0,1,0,0,0,0,0,0,0,0,0,0,0,0,0,0,0,0,0,0,0,0,0,0,0,0,0,Pre-Seed,10 ,1,5;
"Catasys,Http://www.catasys.com,Healthcare,US/California,""Remote (post COVID-19), At HQ (as listed above), Oakland,CA"",https://catasys.com/careers.html,-1,1,1,1,1,1,1,1,1,1,0,1,1,1,0,0,1,0,0,1,0,1,0,1,0,1,1,1,0,1,1,0,0,1,0,0,0,0,0,1,1,0,1,-1,500 ,-1,20";;
Modern Health,https://www.joinmodernhealth.com/,Healthcare,US/California,At HQ (as listed above),https://boards.greenhouse.io/modernhealth,-1,1,0,0,1,1,1,1,1,1,0,1,1,1,0,0,0,0,0,0,0,0,0,0,0,0,0,0,0,1,1,0,0,0,0,0,0,1,0,0,1,0,1,B,50 ,6,10;;
Grande Communications,http://mygrande.com,Other,US/New Jersey,-1,http://mygrande.com/careers,-1,1,0,1,1,0,0,0,0,0,0,0,0,0,0,0,0,0,0,0,0,0,0,0,0,0,0,0,0,0,1,0,0,0,0,0,0,0,0,0,0,0,0,-1,-1,-1,20;;
TalkingPoints,talkingpts.org,-1,US/California,-1,https://talkingpts.org/careers/,-1,0,1,0,1,0,0,0,0,0,0,0,0,0,0,0,0,0,0,0,0,0,0,0,0,0,0,0,0,0,0,0,1,0,0,0,0,0,0,0,0,0,0,-1,50 ,1,5;;
"GoodRx,https://www.goodrx.com,Healthcare,US/California,""Remote (post COVID-19), At HQ (as listed above), San Francisco, CA"",https://www.goodrx.com/jobs,-1,1,0,0,0,1,1,1,1,0,1,1,1,0,0,0,0,0,0,0,0,0,0,0,0,0,0,0,0,0,0,0,0,0,0,0,0,0,0,1,1,1,0,C,500 ,-1,20";;
Big Data Federation, Inc.,https://www.bigdatafed.com,Other,US/California,At HQ (as listed above),https://www.bigdatafed.com/jobs/,-1,1,0,1,0,0,1,0,0,1,0,0,0,0,0,0,0,0,0,0,0,0,0,1,0,0,1,0,0,0,0,0,0,0,0,0,0,0,0,0,0,0,0,A,50 ,6,10;;
"Acronym,https://www.acronym.com,Other,US/New York,""Remote (post COVID-19), At HQ (as listed above), Toronto, Canada"",https://www.acronym.com/careers/,-1,1,1,0,1,1,0,0,0,0,0,0,0,0,0,0,1,1,0,0,0,0,0,0,0,0,0,0,0,0,0,1,0,0,0,1,0,0,1,0,0,0,0,-1,500 ,11,20";;
Professional Investment Advisory Services,https://www.proinvest.com.sg/,Other,Singapore,At HQ (as listed above),https://indeedhi.re/2yzPN8g,X,0,0,0,1,0,0,0,0,0,0,0,0,0,0,0,0,0,0,0,0,0,0,0,0,0,0,0,1,1,0,1,0,1,0,0,1,1,0,0,0,0,0,-1,-1,11,20;;
"Lytt,https://www.lytt.com/,Enterprise Technology,""United Kingdom, The"",At HQ (as listed above),Please contact ricky.simpson@bplaunchpad.com,-1,0,0,1,0,0,0,0,0,0,0,0,0,0,0,0,0,0,0,0,0,0,0,0,0,0,0,0,0,0,0,0,0,0,0,0,0,0,0,0,0,0,0,A,50 ,1,5";;
Skydio,www.skydio.com,Enterprise Technology,US/California,At HQ (as listed above),https://jobs.lever.co/skydio/,-1,1,0,1,0,0,1,1,1,1,1,0,0,1,1,1,1,0,0,0,0,0,1,0,0,0,0,0,0,0,0,0,0,0,0,0,0,0,0,0,0,0,0,B,-1,11,20;;
Forager,https://foragerscs.com/,Enterprise Technology,US/Illinois,At HQ (as listed above),https://foragerscs.com/careers/,-1,1,0,1,1,0,1,0,0,0,0,0,0,0,0,0,0,0,0,0,0,0,0,0,0,1,1,0,1,1,0,1,0,0,0,0,0,0,0,0,0,0,0,A,50 ,6,10;;
"Natterbox,Natterbox.com,Enterprise Technology,US/Illinois,""San Francisco, New York"",Email alise.squiric@natterbox.com,-1,0,0,0,1,0,0,0,0,0,0,0,0,0,0,0,0,0,0,0,0,0,0,0,0,0,0,0,0,0,0,0,0,0,0,0,0,0,0,0,0,0,0,B,50 ,1,5";;
Asana,https://asana.com/jobs/all,Consumer Technology,US/California,Remote (post COVID-19),https://asana.com/jobs/all,-1,1,1,1,1,1,1,0,0,0,0,0,0,0,0,0,0,1,0,0,0,1,0,0,0,0,1,1,1,1,1,1,1,1,0,1,1,1,0,1,0,0,0,E+,501+ ,-1,20;;
Kuvio Creative,https://www.kuv.io/,Enterprise Technology,Fully Remote (not only during COVID-19),Remote (post COVID-19),https://www.linkedin.com/feed/update/urn:li:activity:6658432516271198209,X,0,0,0,1,0,0,0,0,0,0,0,0,0,0,0,0,0,0,0,0,0,0,0,0,0,0,0,1,1,0,1,0,1,0,0,0,0,0,0,0,0,0,-1,50 ,1,5;;
"BetterWorldEd.org,BetterWorldEd.org,Other,Fully Remote (not only during COVID-19),""Remote (post COVID-19), Remote and some roles involve travel (when possible again)"",https://BetterWorldEd.org/Careers,X,0,0,0,1,0,0,0,0,0,0,0,0,0,0,0,0,0,0,0,0,0,0,0,0,0,0,0,1,1,0,0,0,1,0,0,1,1,0,0,0,0,0,-1,10 ,1,5";;
"Supermove,supermove.co,Enterprise Technology,US/California,""Remote (post COVID-19), At HQ (as listed above)"",https://www.notion.so/supermove/Supermove-Open-Positions-f15111a3b14244f0906c7c00417da44a,X,1,1,1,1,0,1,1,0,1,0,0,0,0,0,0,0,1,0,1,1,0,0,0,0,1,0,0,1,0,1,0,0,0,1,0,1,0,0,0,0,0,0,Seed,10 ,1,5";;
Endless Events,http://www.helloendless.com,Enterprise Technology,Fully Remote (not only during COVID-19),Remote (post COVID-19),http://careers.helloendless.com,X,0,1,1,1,1,0,0,0,0,0,0,0,0,0,0,0,1,1,1,1,1,1,1,1,1,1,1,1,1,1,1,1,1,1,1,0,1,0,0,1,1,0,-1,50 ,-1,20;;
DNAstack,https://dnastack.com/,Healthcare,Canada,At HQ (as listed above),https://dnastack.com/#/company/careers,-1,1,0,0,0,1,1,1,1,1,0,0,0,0,0,0,0,0,0,0,0,0,0,0,0,0,0,0,0,0,0,0,0,0,0,0,0,0,0,0,0,1,0,Seed,50 ,1,5;;
Paramount Advertising and Lead Solutions,paramountals.com,Consumer Technology,US/Illinois,At HQ (as listed above),https://www.paramountals.com/career-opportunities,-1,0,0,0,1,0,0,0,0,0,0,0,0,0,0,0,0,0,0,0,0,0,0,0,0,0,0,0,0,1,1,0,0,0,0,0,0,0,0,0,0,0,0,-1,50 ,6,10;;
"BlockFi,www.blockfi.com,Consumer Technology,US/New York,""Remote (post COVID-19), At HQ (as listed above)"",""BlockFi provides the wealth management products cryptoinvestors need, all powered by blockchain technology."",-1,1,0,1,1,1,0,0,1,0,0,0,0,0,0,0,0,0,0,0,0,1,1,0,0,0,1,1,0,0,0,0,0,0,0,0,1,0,0,0,1,0,0,B,100 ,6,10";;
Illumina,Illumina,Healthcare,US/California,At HQ (as listed above),https://illumina.wd1.myworkdayjobs.com/en-US/illumina-careers/job/US---California---San-Diego/Commercial-Analytics--Software-Engineer_20030-JOB,-1,1,0,0,0,0,1,0,0,0,0,0,0,0,0,0,0,0,0,0,0,0,0,0,0,0,0,0,0,0,0,0,0,0,0,0,0,0,0,0,0,0,0,E+,10 ,1,5;;
Flow Commerce, Inc.,flow.io,Enterprise Technology,US/New Jersey,At HQ (as listed above),https://www.flow.io/careers/,-1,0,0,1,1,0,0,0,0,0,0,0,0,0,0,0,0,0,0,0,0,1,0,0,0,0,0,0,0,1,0,0,0,0,0,0,0,0,0,0,0,0,0,B,100 ,1,5;;
Plantclub,https://www.plantclub.io/,Other,Germany,At HQ (as listed above),https://www.plantclub.io/en/jobs,X,0,0,1,1,0,0,0,0,0,0,0,0,0,0,0,0,0,0,0,0,0,0,0,0,0,1,0,0,0,0,1,0,0,0,0,0,0,0,0,0,0,0,Pre-Seed,10 ,1,5;;
Clarisights,www.clarisights.com,Enterprise Technology,India,At HQ (as listed above),-1,-1,1,0,0,0,0,0,1,0,1,0,0,0,0,0,0,0,0,0,0,0,0,0,0,0,0,0,0,0,0,0,0,0,0,0,0,0,0,0,0,0,0,0,Seed,50 ,1,5;;
"WPEngine,wpengine.com,Enterprise Technology,US/Texas,""Remote (post COVID-19), At HQ (as listed above), London, Brisbane, Limerick, Krakow"",https://wpengine.careers/,-1,0,0,0,0,0,0,0,0,0,0,0,0,0,0,0,0,0,0,0,0,0,0,0,0,0,0,0,0,0,0,0,0,0,0,0,0,0,0,0,0,0,0,-1,501+ ,-1,20";;
Tara Intelligence Inc.,https://tara.ai/,Enterprise Technology,US/California,At HQ (as listed above),https://tara.ai/about/careers,-1,0,0,0,1,0,0,0,0,0,0,0,0,0,0,0,0,0,0,0,0,0,0,0,0,0,0,0,0,1,0,0,0,0,0,0,1,0,0,0,0,0,0,A,50 ,1,5;;
"WFH Candles,wfhcandles.com,Consumer Technology,US/California,""Remote (post COVID-19), At HQ (as listed above)"",hi@wfhcandles.com,X,0,1,1,1,1,0,0,0,0,0,0,0,0,0,0,0,1,1,1,1,0,0,0,0,1,1,0,0,1,0,0,0,0,1,1,1,1,1,1,1,1,0,A,10 ,6,10";;
"Numina,http://numina.co,Enterprise Technology,Fully Remote (not only during COVID-19),""Remote (post COVID-19), At HQ (as listed above)"",angel.co/numina/jobs,-1,1,0,0,1,1,1,0,1,1,0,0,0,0,0,0,0,0,0,0,0,0,0,0,0,0,0,0,0,0,0,0,1,0,0,0,0,0,0,1,0,0,0,Seed,10 ,1,5";;
Vanta,https://vanta.com,Enterprise Technology,US/California,At HQ (as listed above),https://vanta.com/jobs,-1,1,1,0,1,0,1,0,0,0,0,0,0,0,0,0,0,1,0,0,0,0,0,0,0,0,0,0,0,0,1,0,0,0,0,0,0,0,0,0,0,0,0,Seed,50 ,6,10;;
Aquabyte,https://www.aquabyte.ai,Enterprise Technology,US/California,At HQ (as listed above),https://jobs.lever.co/aquabyte/,-1,1,0,0,0,0,0,0,0,0,0,0,0,0,0,0,0,0,0,0,0,0,0,0,0,0,0,0,0,0,0,0,0,0,0,0,0,0,0,0,0,0,0,A,50 ,1,5;;
WhereBy.Us,WhereBy.Us,Enterprise Technology,US/California,Remote (post COVID-19),https://whereby.applytojob.com/apply,X,1,1,0,1,0,1,0,0,1,0,0,0,0,0,0,0,1,0,0,0,0,0,0,0,0,0,0,0,0,0,0,0,1,0,0,1,0,0,0,0,0,0,Seed,50 ,6,10;;
"Komodo Health,https://www.komodohealth.com/,Healthcare,US/California,""At HQ (as listed above), New York City is an option"",https://www.komodohealth.com/careers/,-1,1,0,0,0,0,0,0,0,0,0,0,0,0,0,0,0,0,0,0,0,0,0,0,0,0,0,0,0,0,0,0,0,0,0,0,0,0,0,0,0,0,0,C,500 ,1,5";;
edX,edx.org,Other,US/Massachusetts,At HQ (as listed above),https://www.edx.org/careers,X,0,0,0,0,0,0,0,0,0,0,0,0,0,0,0,0,0,0,0,0,0,0,0,0,0,0,0,0,0,0,0,0,0,0,0,0,0,0,0,0,0,0,-1,500 ,6,10;;
Current,Current,Consumer Technology,US/New York,At HQ (as listed above),https://current.com/about-us#careers,-1,1,1,0,0,0,1,1,1,1,1,1,1,1,0,0,0,0,0,1,0,0,0,0,0,0,0,0,0,0,0,0,0,0,0,0,0,0,0,0,0,0,0,B,50 ,11,20;;
"BitMEX,http://bitmex.com,Other,US/California,""At HQ (as listed above), San Francisco, Hong Kong, Singapore"",https://grnh.se/da35df3b2,-1,1,1,1,0,0,1,1,1,1,1,0,1,0,0,0,0,0,0,1,0,0,1,0,1,0,0,0,0,0,0,0,0,0,0,0,0,0,0,0,0,0,0,-1,500 ,11,20";;
"Indigo Agriculture,https://www.indigoag.com/,Consumer Technology,US/Massachusetts,""Remote (post COVID-19), At HQ (as listed above)"",https://www.indigoag.com/join-us,-1,1,1,0,0,1,1,1,1,1,1,0,0,0,0,0,0,1,1,1,0,0,0,0,0,0,0,0,0,0,0,0,0,0,0,0,0,0,0,1,1,0,0,E+,501+ ,-1,20";;
